name,CMC,Type,Color,Set,Collector Number,Rarity,Color Category,status,Finish,maybeboard,image URL,image Back URL,tags,Notes,MTGO ID
"Favored Hoplite",,"Creature - Human Soldier",,"ths","13",uncommon,w,Not Owned,Non-foil,false,,,"","",50258
"Herald of Anafenza",,"Creature - Human Soldier",,"ktk","12",rare,w,Not Owned,Non-foil,false,,,"","",54282
"Hopeful Eidolon",,"Enchantment Creature - Spirit",,"ths","19",common,w,Not Owned,Non-foil,false,,,"","",50140
"Hotshot Mechanic",,"Artifact Creature - Fox Pilot",,"neo","16",uncommon,w,Not Owned,Non-foil,false,,,"","",96942
"Ainok Bond-Kin",,"Creature - Dog Soldier",,"ktk","3",common,w,Not Owned,Non-foil,false,,,"","",54260
"Auriok Steelshaper",,"Creature - Human Soldier",,"mrd","4",rare,w,Not Owned,Non-foil,false,,,"","",19781
"Eiganjo Exemplar",,"Enchantment Creature - Human Samurai",,"neo","10",common,w,Not Owned,Non-foil,false,,,"","",96926
"Leonin Den-Guard",,"Creature - Cat Soldier",,"mrd","9",common,w,Not Owned,Non-foil,false,,,"","",19687
"Leonin Skyhunter",,"Creature - Cat Knight",,"mrd","11",uncommon,w,Not Owned,Non-foil,false,,,"","",19689
"Light-Paws, Emperor's Voice",,"Legendary Creature - Fox Advisor",,"neo","25",rare,w,Not Owned,Non-foil,false,,,"","",96960
"Lion Sash",,"Artifact Creature - Equipment Cat",,"neo","26",rare,w,Not Owned,Non-foil,false,,,"","",96962
"Phalanx Leader",,"Creature - Human Soldier",,"ths","26",uncommon,w,Not Owned,Non-foil,false,,,"","",50350
"Seeker of the Way",,"Creature - Human Warrior",,"ktk","22",uncommon,w,Not Owned,Non-foil,false,,,"","",54270
"Selfless Samurai",,"Creature - Fox Samurai",,"neo","35",uncommon,w,Not Owned,Non-foil,false,,,"","",96984
"Spirited Companion",,"Enchantment Creature - Dog",,"neo","38",common,w,Not Owned,Non-foil,false,,,"","",96990
"Abzan Falconer",,"Creature - Human Soldier",,"ktk","2",uncommon,w,Not Owned,Non-foil,false,,,"","",54272
"Fabled Hero",,"Creature - Human Soldier",,"ths","12",rare,w,Not Owned,Non-foil,false,,,"","",50430
"Golden-Tail Disciple",,"Enchantment Creature - Fox Monk",,"neo","15",common,w,Not Owned,Non-foil,false,,,"","",96940
"Imperial Subduer",,"Creature - Human Samurai",,"neo","19",common,w,Not Owned,Non-foil,false,,,"","",96948
"Norika Yamazaki, the Poet",,"Legendary Creature - Human Samurai",,"neo","31",uncommon,w,Not Owned,Non-foil,false,,,"","",96974
"Observant Alseid",,"Enchantment Creature - Nymph",,"ths","24",common,w,Not Owned,Non-foil,false,,,"","",50318
"Skyhunter Cub",,"Creature - Cat Knight",,"mrd","21",common,w,Not Owned,Non-foil,false,,,"","",19971
"Wingsteed Rider",,"Creature - Human Knight",,"ths","36",common,w,Not Owned,Non-foil,false,,,"","",50320
"Abzan Battle Priest",,"Creature - Human Cleric",,"ktk","1",uncommon,w,Not Owned,Non-foil,false,,,"","",54276
"Go-Shintai of Shared Purpose",,"Legendary Enchantment Creature - Shrine",,"neo","14",uncommon,w,Not Owned,Non-foil,false,,,"","",96938
"Heliod, God of the Sun",,"Legendary Enchantment Creature - God",,"ths","17",mythic,w,Not Owned,Non-foil,false,,,"","",50302
"Heliod's Emissary",,"Enchantment Creature - Elk",,"ths","18",uncommon,w,Not Owned,Non-foil,false,,,"","",50484
"High Sentinels of Arashin",,"Creature - Bird Soldier",,"ktk","13",rare,w,Not Owned,Non-foil,false,,,"","",54286
"Hundred-Handed One",,"Creature - Giant",,"ths","20",rare,w,Not Owned,Non-foil,false,,,"","",50372
"Loxodon Punisher",,"Creature - Elephant Soldier",,"mrd","14",rare,w,Not Owned,Non-foil,false,,,"","",19795
"Timely Hordemate",,"Creature - Human Warrior",,"ktk","27",uncommon,w,Not Owned,Non-foil,false,,,"","",54274
"Ao, the Dawn Sky",,"Legendary Creature - Dragon Spirit",,"neo","2",mythic,w,Not Owned,Non-foil,false,,,"","",96908
"Autonomous Assembler",,"Artifact Creature - Assembly-Worker",,"bro","34",rare,w,Not Owned,,false,,,"","",104686
"Celestial Archon",,"Enchantment Creature - Archon",,"ths","3",rare,w,Not Owned,Non-foil,false,,,"","",50370
"Sunblade Samurai",,"Enchantment Creature - Human Samurai",,"neo","39",common,w,Not Owned,Non-foil,false,,,"","",96992
"Wingmate Roc",,"Creature - Bird",,"ktk","31",mythic,w,Not Owned,Non-foil,false,,,"","",54288
"Steel Seraph",,"Artifact Creature - Angel",,"bro","38",rare,w,Not Owned,,false,,,"","",104694
"Sky-Blessed Samurai",,"Enchantment Creature - Human Samurai",,"neo","37",uncommon,w,Not Owned,Non-foil,false,,,"","",96988
"The Wandering Emperor",,"Legendary Planeswalker",,"neo","42",mythic,w,Not Owned,Non-foil,false,,,"","",96998
"Elspeth, Sun's Champion",,"Legendary Planeswalker - Elspeth",,"ths","9",mythic,w,Not Owned,Non-foil,false,,,"","",50304
"Defiant Strike",,"Instant",,"ktk","7",common,w,Not Owned,Non-foil,false,,,"","",53964
"Light the Way",,"Instant",,"neo","24",common,w,Not Owned,Non-foil,false,,,"","",96958
"March of Otherworldly Light",,"Instant",,"neo","28",rare,w,Not Owned,Non-foil,false,,,"","",96966
"Regent's Authority",,"Instant",,"neo","32",common,w,Not Owned,Non-foil,false,,,"","",96976
"Battlewise Valor",,"Instant",,"ths","1",common,w,Not Owned,Non-foil,false,,,"","",50576
"Feat of Resistance",,"Instant",,"ktk","10",common,w,Not Owned,Non-foil,false,,,"","",54266
"Roar of the Kha",,"Instant",,"mrd","18",uncommon,w,Not Owned,Non-foil,false,,,"","",19857
"Dauntless Onslaught",,"Instant",,"ths","6",uncommon,w,Not Owned,Non-foil,false,,,"","",50216
"Kill Shot",,"Instant",,"ktk","15",common,w,Not Owned,Non-foil,false,,,"","",53962
"Ray of Dissolution",,"Instant",,"ths","27",common,w,Not Owned,Non-foil,false,,,"","",50146
"Repel the Vile",,"Instant",,"neo","33",common,w,Not Owned,Non-foil,false,,,"","",96978
"When We Were Young",,"Instant",,"neo","43",uncommon,w,Not Owned,Non-foil,false,,,"","",97000
"Banishing Slash",,"Sorcery",,"neo","3",uncommon,w,Not Owned,Non-foil,false,,,"","",96910
"End Hostilities",,"Sorcery",,"ktk","8",rare,w,Not Owned,Non-foil,false,,,"","",54170
"Invoke Justice",,"Sorcery",,"neo","21",rare,w,Not Owned,Non-foil,false,,,"","",96952
"Imperial Oath",,"Sorcery",,"neo","17",common,w,Not Owned,Non-foil,false,,,"","",96944
"Solar Tide",,"Sorcery",,"mrd","24",rare,w,Not Owned,Non-foil,false,,,"","",20141
"Ancestral Katana",,"Artifact - Equipment",,"neo","1",common,w,Not Owned,Non-foil,false,,,"","",96906
"Dragonfly Suit",,"Artifact - Vehicle",,"neo","9",common,w,Not Owned,Non-foil,false,,,"","",96924
"Imperial Recovery Unit",,"Artifact - Vehicle",,"neo","18",uncommon,w,Not Owned,Non-foil,false,,,"","",96946
"Spear of Heliod",,"Legendary Enchantment Artifact",,"ths","33",rare,w,Not Owned,Non-foil,false,,,"","",50404
"Chained to the Rocks",,"Enchantment - Aura",,"ths","4",rare,w,Not Owned,Non-foil,false,,,"","",50252
"Michiko's Reign of Truth",,"Enchantment - Saga",,"neo","29",uncommon,w,Not Owned,Non-foil,false,,,"","",96968
"Ordeal of Heliod",,"Enchantment - Aura",,"ths","25",uncommon,w,Not Owned,Non-foil,false,,,"","",50214
"Gift of Immortality",,"Enchantment - Aura",,"ths","14",rare,w,Not Owned,Non-foil,false,,,"","",50374
"Intercessor's Arrest",,"Enchantment - Aura",,"neo","20",common,w,Not Owned,Non-foil,false,,,"","",96950
"The Restoration of Eiganjo",,"Enchantment - Saga",,"neo","34",rare,w,Not Owned,Non-foil,false,,,"","",96980
"Touch the Spirit Realm",,"Enchantment",,"neo","40",uncommon,w,Not Owned,Non-foil,false,,,"","",96994
"Network Disruptor",,"Artifact Creature - Moonfolk Rogue",,"neo","71",common,u,Not Owned,Non-foil,false,,,"","",97062
"Thousand-Faced Shadow",,"Creature - Human Ninja",,"neo","86",rare,u,Not Owned,Non-foil,false,,,"","",97092
"Armguard Familiar",,"Artifact Creature - Equipment Beast",,"neo","46",common,u,Not Owned,Non-foil,false,,,"","",97006
"Artisan of Forms",,"Creature - Human Wizard",,"ths","40",rare,u,Not Owned,Non-foil,false,,,"","",50530
"Go-Shintai of Lost Wisdom",,"Legendary Enchantment Creature - Shrine",,"neo","55",uncommon,u,Not Owned,Non-foil,false,,,"","",97026
"Jeskai Elder",,"Creature - Human Monk",,"ddn","46",uncommon,u,Not Owned,Non-foil,false,,,"","",
"Moon-Circuit Hacker",,"Enchantment Creature - Human Ninja",,"neo","67",common,u,Not Owned,Non-foil,false,,,"","",97054
"Omenspeaker",,"Creature - Human Wizard",,"ths","57",common,u,Not Owned,Non-foil,false,,,"","",50152
"The Reality Chip",,"Legendary Artifact Creature - Equipment Jellyfish",,"neo","74",rare,u,Not Owned,Non-foil,false,,,"","",97068
"Acquisition Octopus",,"Artifact Creature - Equipment Octopus",,"neo","44",uncommon,u,Not Owned,Non-foil,false,,,"","",97002
"Covert Technician",,"Artifact Creature - Human Ninja",,"neo","49",uncommon,u,Not Owned,Non-foil,false,,,"","",97014
"Jeskai Windscout",,"Creature - Bird Scout",,"ktk","44",common,u,Not Owned,Non-foil,false,,,"","",53974
"Lumengrid Sentinel",,"Creature - Human Wizard",,"mrd","40",uncommon,u,Not Owned,Non-foil,false,,,"","",19789
"Meletis Charlatan",,"Creature - Human Wizard",,"ths","54",rare,u,Not Owned,Non-foil,false,,,"","",50504
"Neurok Spy",,"Creature - Human Rogue",,"mrd","44",common,u,Not Owned,Non-foil,false,,,"","",19701
"Nimbus Naiad",,"Enchantment Creature - Nymph",,"ths","56",common,u,Not Owned,Non-foil,false,,,"","",50154
"Prosperous Thief",,"Creature - Human Ninja",,"neo","73",uncommon,u,Not Owned,Non-foil,false,,,"","",97066
"Thassa, God of the Sea",,"Legendary Enchantment Creature - God",,"ths","66",mythic,u,Not Owned,Non-foil,false,,,"","",50306
"Triton Fortune Hunter",,"Creature - Merfolk Soldier",,"ths","69",uncommon,u,Not Owned,Non-foil,false,,,"","",50356
"Clever Impersonator",,"Creature - Shapeshifter",,"ktk","34",mythic,u,Not Owned,Non-foil,false,,,"","",54318
"Kheru Spellsnatcher",,"Creature - Naga Wizard",,"ktk","45",rare,u,Not Owned,Non-foil,false,,,"","",54244
"Master of Waves",,"Creature - Merfolk Wizard",,"ths","53",mythic,u,Not Owned,Non-foil,false,,,"","",50550
"Moonsnare Specialist",,"Creature - Human Ninja",,"neo","70",common,u,Not Owned,Non-foil,false,,,"","",97060
"Thassa's Emissary",,"Enchantment Creature - Crab",,"ths","68",uncommon,u,Not Owned,Non-foil,false,,,"","",50462
"Vedalken Archmage",,"Creature - Vedalken Wizard",,"mrd","55",rare,u,Not Owned,Non-foil,false,,,"","",19819
"Prognostic Sphinx",,"Creature - Sphinx",,"ths","60",rare,u,Not Owned,Non-foil,false,,,"","",50376
"Replication Specialist",,"Creature - Moonfolk Artificer",,"neo","76",uncommon,u,Not Owned,Non-foil,false,,,"","",97072
"Saiba Trespassers",,"Artifact Creature - Moonfolk Rogue",,"neo","77",common,u,Not Owned,Non-foil,false,,,"","",97074
"Horizon Scholar",,"Creature - Sphinx",,"ths","51",uncommon,u,Not Owned,Non-foil,false,,,"","",50218
"Kairi, the Swirling Sky",,"Legendary Creature - Dragon Spirit",,"neo","408",mythic,u,Not Owned,Non-foil,false,,,"","",
"Riverwheel Aerialists",,"Creature - Djinn Monk",,"ktk","51",uncommon,u,Not Owned,Non-foil,false,,,"","",54306
"Shipbreaker Kraken",,"Creature - Kraken",,"ths","63",rare,u,Not Owned,Non-foil,false,,,"","",50624
"Arcane Proxy",,"Artifact Creature - Wizard",,"bro","75",mythic,u,Not Owned,,false,,,"","",104768
"Jin-Gitaxias, Progress Tyrant",,"Legendary Creature - Phyrexian Praetor",,"neo","59",mythic,u,Not Owned,Non-foil,false,,,"","",97036
"Mirrorshell Crab",,"Artifact Creature - Crab",,"neo","63",common,u,Not Owned,Non-foil,false,,,"","",97044
"Pearl Lake Ancient",,"Creature - Leviathan",,"ktk","49",mythic,u,Not Owned,Non-foil,false,,,"","",54482
"Broodstar",,"Creature - Beast",,"mrd","31",rare,u,Not Owned,Non-foil,false,,,"","",20039
"Tezzeret, Betrayer of Flesh",,"Legendary Planeswalker - Tezzeret",,"neo","84",mythic,u,Not Owned,Non-foil,false,,,"","",97088
"Annul",,"Instant",,"ths","38",common,u,Not Owned,Non-foil,false,,,"","",50158
"Icy Blast",,"Instant",,"ktk","42",rare,u,Not Owned,Non-foil,false,,,"","",54314
"March of Swirling Mist",,"Instant",,"neo","61",rare,u,Not Owned,Non-foil,false,,,"","",97040
"Stubborn Denial",,"Instant",,"ktk","56",uncommon,u,Not Owned,Non-foil,false,,,"","",54308
"Swan Song",,"Instant",,"ths","65",rare,u,Not Owned,Non-foil,false,,,"","",50440
"Disdainful Stroke",,"Instant",,"ktk","37",common,u,Not Owned,Non-foil,false,,,"","",53982
"Disruption Protocol",,"Instant",,"neo","51",common,u,Not Owned,Non-foil,false,,,"","",97018
"Essence Capture",,"Instant",,"neo","52",uncommon,u,Not Owned,Non-foil,false,,,"","",97020
"Force Away",,"Instant",,"ktk","40",common,u,Not Owned,Non-foil,false,,,"","",53980
"Planar Incision",,"Instant",,"neo","72",common,u,Not Owned,Non-foil,false,,,"","",97064
"Voyage's End",,"Instant",,"ths","73",common,u,Not Owned,Non-foil,false,,,"","",50160
"Discover the Impossible",,"Instant",,"neo","50",uncommon,u,Not Owned,Non-foil,false,,,"","",97016
"Override",,"Instant",,"mrd","45",common,u,Not Owned,Non-foil,false,,,"","",19699
"Thirst for Knowledge",,"Instant",,"mrd","53",uncommon,u,Not Owned,Non-foil,false,,,"","",19705
"Griptide",,"Instant",,"ths","50",common,u,Not Owned,Non-foil,false,,,"","",50626
"Reality Heist",,"Instant",,"neo","75",uncommon,u,Not Owned,Non-foil,false,,,"","",97070
"Dig Through Time",,"Instant",,"ktk","36",rare,u,Not Owned,Non-foil,false,,,"","",54316
"Curse of the Swine",,"Sorcery",,"ths","46",rare,u,Not Owned,Non-foil,false,,,"","",50378
"Taigam's Scheming",,"Sorcery",,"ktk","57",common,u,Not Owned,Non-foil,false,,,"","",54296
"Thoughtcast",,"Sorcery",,"mrd","54",common,u,Not Owned,Non-foil,false,,,"","",19787
"Set Adrift",,"Sorcery",,"ktk","54",uncommon,u,Not Owned,Non-foil,false,,,"","",54092
"Treasure Cruise",,"Sorcery",,"ktk","59",common,u,Not Owned,Non-foil,false,,,"","",54300
"Aether Spellbomb",,"Artifact",,"mrd","141",common,u,Not Owned,Non-foil,false,,,"","",19871
"Moonsnare Prototype",,"Artifact",,"neo","69",common,u,Not Owned,Non-foil,false,,,"","",97058
"Mindlink Mech",,"Artifact - Vehicle",,"neo","62",rare,u,Not Owned,Non-foil,false,,,"","",97042
"Bident of Thassa",,"Legendary Enchantment Artifact",,"ths","42",rare,u,Not Owned,Non-foil,false,,,"","",50406
"Futurist Sentinel",,"Artifact - Vehicle",,"neo","54",common,u,Not Owned,Non-foil,false,,,"","",97024
"Ordeal of Thassa",,"Enchantment - Aura",,"ths","58",uncommon,u,Not Owned,Non-foil,false,,,"","",50220
"Quiet Contemplation",,"Enchantment",,"ktk","50",uncommon,u,Not Owned,Non-foil,false,,,"","",54090
"Behold the Unspeakable",,"Enchantment - Saga",,"neo","48",uncommon,u,Not Owned,Non-foil,false,,,"","",97010
"Bloodsoaked Champion",,"Creature - Human Warrior",,"ktk","66",rare,b,Not Owned,Non-foil,false,,,"","",54172
"Disciple of the Vault",,"Creature - Human Cleric",,"mrd","62",common,b,Not Owned,Non-foil,false,,,"","",20203
"Dockside Chef",,"Enchantment Creature - Human Citizen",,"neo","93",uncommon,b,Not Owned,Non-foil,false,,,"","",97106
"Ruthless Ripper",,"Creature - Human Assassin",,"ktk","88",uncommon,b,Not Owned,Non-foil,false,,,"","",54096
"Baleful Eidolon",,"Enchantment Creature - Spirit",,"ths","78",common,b,Not Owned,Non-foil,false,,,"","",50164
"Blade of the Oni",,"Artifact Creature - Equipment Demon",,"neo","89",mythic,b,Not Owned,Non-foil,false,,,"","",97098
"Dokuchi Silencer",,"Creature - Human Ninja",,"neo","95",uncommon,b,Not Owned,Non-foil,false,,,"","",97110
"Inkrise Infiltrator",,"Creature - Human Ninja",,"neo","100",common,b,Not Owned,Non-foil,false,,,"","",97120
"Leech Gauntlet",,"Artifact Creature - Equipment Leech",,"neo","106",uncommon,b,Not Owned,Non-foil,false,,,"","",97132
"Slith Bloodletter",,"Creature - Slith",,"mrd","77",uncommon,b,Not Owned,Non-foil,false,,,"","",20261
"Agent of the Fates",,"Creature - Human Assassin",,"ths","76",rare,b,Not Owned,Non-foil,false,,,"","",50510
"Biting-Palm Ninja",,"Creature - Human Ninja",,"neo","88",rare,b,Not Owned,Non-foil,false,,,"","",97096
"Chainflail Centipede",,"Artifact Creature - Equipment Insect",,"neo","90",common,b,Not Owned,Non-foil,false,,,"","",97100
"Gravelighter",,"Creature - Spirit",,"neo","98",uncommon,b,Not Owned,Non-foil,false,,,"","",97116
"Grim Haruspex",,"Creature - Human Wizard",,"ktk","73",rare,b,Not Owned,Non-foil,false,,,"","",54340
"Kheru Bloodsucker",,"Creature - Vampire",,"ktk","75",uncommon,b,Not Owned,Non-foil,false,,,"","",54332
"Mogis's Marauder",,"Creature - Human Berserker",,"ths","97",uncommon,b,Not Owned,Non-foil,false,,,"","",50468
"Nezumi Bladeblesser",,"Creature - Rat Samurai",,"neo","115",common,b,Not Owned,Non-foil,false,,,"","",97154
"Nighthowler",,"Enchantment Creature - Horror",,"ths","98",rare,b,Not Owned,Non-foil,false,,,"","",50544
"Unforgiving One",,"Creature - Spirit",,"neo","127",uncommon,b,Not Owned,Non-foil,false,,,"","",97182
"Bellowing Saddlebrute",,"Creature - Orc Warrior",,"ktk","64",uncommon,b,Not Owned,Non-foil,false,,,"","",54100
"Cavern Lampad",,"Enchantment Creature - Nymph",,"ths","81",common,b,Not Owned,Non-foil,false,,,"","",50330
"Erebos, God of the Dead",,"Legendary Enchantment Creature - God",,"ths","85",mythic,b,Not Owned,Non-foil,false,,,"","",50308
"Erebos's Emissary",,"Enchantment Creature - Snake",,"ths","86",uncommon,b,Not Owned,Non-foil,false,,,"","",50474
"Go-Shintai of Hidden Cruelty",,"Legendary Enchantment Creature - Shrine",,"neo","97",uncommon,b,Not Owned,Non-foil,false,,,"","",97114
"Kami of Terrible Secrets",,"Creature - Spirit",,"neo","105",common,b,Not Owned,Non-foil,false,,,"","",97130
"Mer-Ek Nightblade",,"Creature - Orc Assassin",,"ktk","79",uncommon,b,Not Owned,Non-foil,false,,,"","",54336
"Mukotai Ambusher",,"Artifact Creature - Rat Ninja",,"neo","112",common,b,Not Owned,Non-foil,false,,,"","",97148
"Gray Merchant of Asphodel",,"Creature - Zombie",,"ths","89",common,b,Not Owned,Non-foil,false,,,"","",50562
"Junji, the Midnight Sky",,"Legendary Creature - Dragon Spirit",,"neo","102",mythic,b,Not Owned,Non-foil,false,,,"","",97124
"Keepsake Gorgon",,"Creature - Gorgon",,"ths","93",uncommon,b,Not Owned,Non-foil,false,,,"","",50362
"Swarm of Bloodflies",,"Creature - Insect",,"ktk","92",uncommon,b,Not Owned,Non-foil,false,,,"","",54334
"Vermiculos",,"Creature - Horror",,"mrd","80",rare,b,Not Owned,Non-foil,false,,,"","",20081
"Hythonia the Cruel",,"Legendary Creature - Gorgon",,"ths","91",mythic,b,Not Owned,Non-foil,false,,,"","",50488
"Abhorrent Overlord",,"Creature - Demon",,"ths","75",rare,b,Not Owned,Non-foil,false,,,"","",50400
"Phyrexian Fleshgorger",,"Artifact Creature - Phyrexian Wurm",,"bro","121",mythic,b,Not Owned,,false,,,"","",104860
"Necropolis Fiend",,"Creature - Demon",,"ktk","82",rare,b,Not Owned,Non-foil,false,,,"","",54342
"Reiver Demon",,"Creature - Demon",,"mrd","75",rare,b,Not Owned,Non-foil,false,,,"","",19673
"March of Wretched Sorrow",,"Instant",,"neo","111",rare,b,Not Owned,Non-foil,false,,,"","",97146
"Lethal Exploit",,"Instant",,"neo","107",common,b,Not Owned,Non-foil,false,,,"","",97134
"Reckoner's Bargain",,"Instant",,"neo","120",common,b,Not Owned,Non-foil,false,,,"","",97166
"Return to Action",,"Instant",,"neo","121",common,b,Not Owned,Non-foil,false,,,"","",97168
"Terror",,"Instant",,"mrd","79",common,b,Not Owned,Non-foil,false,,,"","",19963
"Debt to the Kami",,"Instant",,"neo","92",common,b,Not Owned,Non-foil,false,,,"","",97104
"Hero's Downfall",,"Instant",,"ths","90",rare,b,Not Owned,Non-foil,false,,,"","",50596
"Assassin's Ink",,"Instant",,"neo","87",uncommon,b,Not Owned,Non-foil,false,,,"","",97094
"Empty the Pits",,"Instant",,"ktk","72",mythic,b,Not Owned,Non-foil,false,,,"","",54346
"Murderous Cut",,"Instant",,"ktk","81",uncommon,b,Not Owned,Non-foil,false,,,"","",54104
"Rescue from the Underworld",,"Instant",,"ths","102",uncommon,b,Not Owned,Non-foil,false,,,"","",50380
"Throttle",,"Instant",,"ktk","93",common,b,Not Owned,Non-foil,false,,,"","",54328
"Betrayal of Flesh",,"Instant",,"mrd","58",uncommon,b,Not Owned,Non-foil,false,,,"","",19949
"Thoughtseize",,"Sorcery",,"ths","107",rare,b,Not Owned,Non-foil,false,,,"","",50256
"Kaito's Pursuit",,"Sorcery",,"neo","103",common,b,Not Owned,Non-foil,false,,,"","",97126
"Malicious Malfunction",,"Sorcery",,"neo","110",uncommon,b,Not Owned,Non-foil,false,,,"","",97144
"Read the Bones",,"Sorcery",,"ths","101",common,b,Not Owned,Non-foil,false,,,"","",50170
"Soul Transfer",,"Sorcery",,"neo","122",rare,b,Not Owned,Non-foil,false,,,"","",97170
"Barter in Blood",,"Sorcery",,"mrd","57",uncommon,b,Not Owned,Non-foil,false,,,"","",20155
"Bitter Revelation",,"Sorcery",,"ktk","65",common,b,Not Owned,Non-foil,false,,,"","",54006
"Invoke Despair",,"Sorcery",,"neo","101",rare,b,Not Owned,Non-foil,false,,,"","",97122
"Okiba Salvage",,"Sorcery",,"neo","118",uncommon,b,Not Owned,Non-foil,false,,,"","",97162
"Dead Drop",,"Sorcery",,"ktk","67",uncommon,b,Not Owned,Non-foil,false,,,"","",54106
"Enormous Energy Blade",,"Artifact - Equipment",,"neo","96",uncommon,b,Not Owned,Non-foil,false,,,"","",97112
"Whip of Erebos",,"Legendary Enchantment Artifact",,"ths","110",rare,b,Not Owned,Non-foil,false,,,"","",50408
"Clawing Torment",,"Enchantment - Aura",,"neo","91",common,b,Not Owned,Non-foil,false,,,"","",97102
"Retribution of the Ancients",,"Enchantment",,"ktk","85",rare,b,Not Owned,Non-foil,false,,,"","",54344
"Viper's Kiss",,"Enchantment - Aura",,"ths","109",common,b,Not Owned,Non-foil,false,,,"","",50174
"Debilitating Injury",,"Enchantment - Aura",,"ktk","68",common,b,Not Owned,Non-foil,false,,,"","",54004
"Twisted Embrace",,"Enchantment - Aura",,"neo","125",common,b,Not Owned,Non-foil,false,,,"","",97178
"Firedrinker Satyr",,"Creature - Satyr Shaman",,"ths","122",rare,r,Not Owned,Non-foil,false,,,"","",50612
"Monastery Swiftspear",,"Creature - Human Monk",,"ktk","118",uncommon,r,Not Owned,Non-foil,false,,,"","",54108
"Rabbit Battery",,"Artifact Creature - Equipment Rabbit",,"neo","157",uncommon,r,Not Owned,Non-foil,false,,,"","",97246
"Reinforced Ronin",,"Artifact Creature - Human Samurai",,"neo","158",uncommon,r,Not Owned,Non-foil,false,,,"","",97248
"Simian Sling",,"Artifact Creature - Equipment Monkey",,"neo","163",common,r,Not Owned,Non-foil,false,,,"","",97260
"Arena Athlete",,"Creature - Human",,"ths","113",uncommon,r,Not Owned,Non-foil,false,,,"","",50228
"Atog",,"Creature - Atog",,"mrd","86",common,r,Not Owned,Non-foil,false,,,"","",19797
"Goro-Goro, Disciple of Ryusei",,"Legendary Creature - Goblin Samurai",,"neo","145",rare,r,Not Owned,Non-foil,false,,,"","",97220
"Jeering Instigator",,"Creature - Goblin Rogue",,"ktk","113",rare,r,Not Owned,Non-foil,false,,,"","",54174
"Lizard Blades",,"Artifact Creature - Equipment Lizard",,"neo","153",rare,r,Not Owned,Non-foil,false,,,"","",97238
"Ogre-Head Helm",,"Artifact Creature - Equipment Ogre",,"neo","155",rare,r,Not Owned,Non-foil,false,,,"","",97242
"Sokenzan Smelter",,"Creature - Goblin Artificer",,"neo","164",uncommon,r,Not Owned,Non-foil,false,,,"","",97262
"Upriser Renegade",,"Creature - Human Samurai",,"neo","170",uncommon,r,Not Owned,Non-foil,false,,,"","",97274
"War-Name Aspirant",,"Creature - Human Warrior",,"ktk","126",uncommon,r,Not Owned,Non-foil,false,,,"","",54110
"Bloodfire Expert",,"Creature - Efreet Monk",,"ktk","101",common,r,Not Owned,Non-foil,false,,,"","",54014
"Bronzeplate Boar",,"Artifact Creature - Equipment Boar",,"neo","135",uncommon,r,Not Owned,Non-foil,false,,,"","",97198
"Go-Shintai of Ancient Wars",,"Legendary Enchantment Creature - Shrine",,"neo","144",uncommon,r,Not Owned,Non-foil,false,,,"","",97218
"Scrap Welder",,"Creature - Goblin Artificer",,"neo","159",rare,r,Not Owned,Non-foil,false,,,"","",97250
"Spearpoint Oread",,"Enchantment Creature - Nymph",,"ths","141",common,r,Not Owned,Non-foil,false,,,"","",50184
"Ashcloud Phoenix",,"Creature - Phoenix",,"ktk","99",mythic,r,Not Owned,Non-foil,false,,,"","",54376
"Atsushi, the Blazing Sky",,"Legendary Creature - Dragon Spirit",,"neo","134",mythic,r,Not Owned,Non-foil,false,,,"","",97196
"Ember Swallower",,"Creature - Elemental",,"ths","120",rare,r,Not Owned,Non-foil,false,,,"","",50434
"Fanatic of Mogis",,"Creature - Minotaur Shaman",,"ths","121",uncommon,r,Not Owned,Non-foil,false,,,"","",50464
"Heiko Yamazaki, the General",,"Legendary Creature - Human Samurai",,"neo","146",uncommon,r,Not Owned,Non-foil,false,,,"","",97222
"Ill-Tempered Cyclops",,"Creature - Cyclops",,"ths","125",common,r,Not Owned,Non-foil,false,,,"","",50338
"Purphoros, God of the Forge",,"Legendary Enchantment Creature - God",,"ths","135",mythic,r,Not Owned,Non-foil,false,,,"","",50312
"Purphoros's Emissary",,"Enchantment Creature - Ox",,"ths","136",uncommon,r,Not Owned,Non-foil,false,,,"","",50502
"Thundering Raiju",,"Creature - Spirit",,"neo","166",rare,r,Not Owned,Non-foil,false,,,"","",97266
"Twinshot Sniper",,"Artifact Creature - Goblin Archer",,"neo","168",uncommon,r,Not Owned,Non-foil,false,,,"","",97270
"Dragon-Style Twins",,"Creature - Human Monk",,"ktk","108",rare,r,Not Owned,Non-foil,false,,,"","",54370
"Kami of Industry",,"Creature - Spirit",,"neo","149",common,r,Not Owned,Non-foil,false,,,"","",97228
"Stoneshock Giant",,"Creature - Giant",,"ths","142",uncommon,r,Not Owned,Non-foil,false,,,"","",50492
"Stormbreath Dragon",,"Creature - Dragon",,"ths","143",mythic,r,Not Owned,Non-foil,false,,,"","",50522
"Vulshok Battlemaster",,"Creature - Human Warrior",,"mrd","110",rare,r,Not Owned,Non-foil,false,,,"","",19879
"Ironhoof Boar",,"Artifact Creature - Boar",,"neo","148",common,r,Not Owned,Non-foil,false,,,"","",97226
"Megatog",,"Creature - Atog",,"mrd","100",rare,r,Not Owned,Non-foil,false,,,"","",20043
"Skitterbeam Battalion",,"Artifact Creature - Construct",,"bro","165",mythic,r,Not Owned,,false,,,"","",104948
"Sarkhan, the Dragonspeaker",,"Legendary Planeswalker - Sarkhan",,"ktk","119",mythic,r,Not Owned,Non-foil,false,,,"","",54246
"Coordinated Assault",,"Instant",,"ths","116",uncommon,r,Not Owned,Non-foil,false,,,"","",50364
"Electrostatic Bolt",,"Instant",,"mrd","89",common,r,Not Owned,Non-foil,false,,,"","",19719
"Flame Discharge",,"Instant",,"neo","142",uncommon,r,Not Owned,Non-foil,false,,,"","",97214
"Titan's Strength",,"Instant",,"ths","145",common,r,Not Owned,Non-foil,false,,,"","",50632
"Voltage Surge",,"Instant",,"neo","171",common,r,Not Owned,Non-foil,false,,,"","",97276
"Abrade",,"Instant",,"hou","83",uncommon,r,Not Owned,,false,,,"","",64650
"Magma Jet",,"Instant",,"ths","128",uncommon,r,Not Owned,Non-foil,false,,,"","",50230
"Shrapnel Blast",,"Instant",,"mrd","106",uncommon,r,Not Owned,Non-foil,false,,,"","",19799
"Ambitious Assault",,"Instant",,"neo","133",common,r,Not Owned,Non-foil,false,,,"","",97194
"Bring Low",,"Instant",,"ktk","103",common,r,Not Owned,Non-foil,false,,,"","",54028
"Burn Away",,"Instant",,"ktk","104",uncommon,r,Not Owned,Non-foil,false,,,"","",54116
"Forge Armor",,"Instant",,"mrd","92",uncommon,r,Not Owned,Non-foil,false,,,"","",20251
"Crater's Claws",,"Sorcery",,"ktk","106",rare,r,Not Owned,Non-foil,false,,,"","",54374
"Detonate",,"Sorcery",,"mrd","88",uncommon,r,Not Owned,Non-foil,false,,,"","",19965
"Explosive Entry",,"Sorcery",,"neo","139",common,r,Not Owned,Non-foil,false,,,"","",97206
"Tormenting Voice",,"Sorcery",,"ktk","123",common,r,Not Owned,Non-foil,false,,,"","",54022
"Anger of the Gods",,"Sorcery",,"ths","112",rare,r,Not Owned,Non-foil,false,,,"","",50578
"Howl of the Horde",,"Sorcery",,"ktk","112",rare,r,Not Owned,Non-foil,false,,,"","",54372
"Trash for Treasure",,"Sorcery",,"mrd","109",rare,r,Not Owned,Non-foil,false,,,"","",20153
"Portent of Betrayal",,"Sorcery",,"ths","133",common,r,Not Owned,Non-foil,false,,,"","",50472
"Arrow Storm",,"Sorcery",,"ktk","98",common,r,Not Owned,Non-foil,false,,,"","",54358
"Experimental Synthesizer",,"Artifact",,"neo","138",common,r,Not Owned,Non-foil,false,,,"","",97204
"Pyrite Spellbomb",,"Artifact",,"mrd","232",common,r,Not Owned,Non-foil,false,,,"","",19869
"Dragonspark Reactor",,"Artifact",,"neo","137",uncommon,r,Not Owned,Non-foil,false,,,"","",97202
"Hammer of Purphoros",,"Legendary Enchantment Artifact",,"ths","124",rare,r,Not Owned,Non-foil,false,,,"","",50410
"Akki War Paint",,"Enchantment - Aura",,"neo","132",common,r,Not Owned,Non-foil,false,,,"","",97192
"Kumano Faces Kakkazan",,"Enchantment - Saga",,"neo","152",uncommon,r,Not Owned,Non-foil,false,,,"","",97234
"Ordeal of Purphoros",,"Enchantment - Aura",,"ddl","23",uncommon,r,Not Owned,Non-foil,false,,,"","",49975
"Dragon Grip",,"Enchantment - Aura",,"ktk","107",uncommon,r,Not Owned,Non-foil,false,,,"","",54366
"Fable of the Mirror-Breaker",,"Enchantment - Saga",,"neo","141",rare,r,Not Owned,Non-foil,false,,,"","",97210
"Fang of Shigeki",,"Enchantment Creature - Snake Ninja",,"neo","183",common,g,Not Owned,Non-foil,false,,,"","",97306
"Generous Visitor",,"Creature - Spirit",,"neo","185",uncommon,g,Not Owned,Non-foil,false,,,"","",97310
"Mistcutter Hydra",,"Creature - Hydra",,"ths","162",rare,g,Not Owned,Non-foil,false,,,"","",50386
"Bamboo Grove Archer",,"Enchantment Creature - Snake Archer",,"neo","173",common,g,Not Owned,Non-foil,false,,,"","",97282
"Go-Shintai of Boundless Vigor",,"Legendary Enchantment Creature - Shrine",,"neo","187",uncommon,g,Not Owned,Non-foil,false,,,"","",97314
"Hooded Hydra",,"Creature - Snake Hydra",,"ktk","136",mythic,g,Not Owned,Non-foil,false,,,"","",54410
"Kami of Transience",,"Creature - Spirit",,"neo","197",rare,g,Not Owned,Non-foil,false,,,"","",97336
"Kappa Tech-Wrecker",,"Creature - Turtle Ninja",,"neo","198",uncommon,g,Not Owned,Non-foil,false,,,"","",97338
"Leafcrown Dryad",,"Enchantment Creature - Nymph Dryad",,"ths","161",common,g,Not Owned,Non-foil,false,,,"","",50346
"Shigeki, Jukai Visionary",,"Legendary Enchantment Creature - Snake Druid",,"neo","206",rare,g,Not Owned,Non-foil,false,,,"","",97354
"Sylvan Caryatid",,"Creature - Plant",,"ths","180",rare,g,Not Owned,Non-foil,false,,,"","",50260
"Weaver of Harmony",,"Enchantment Creature - Snake Druid",,"neo","213",rare,g,Not Owned,Non-foil,false,,,"","",97372
"Bearer of Memory",,"Enchantment Creature - Human Monk",,"neo","174",common,g,Not Owned,Non-foil,false,,,"","",97284
"Boon Satyr",,"Enchantment Creature - Satyr",,"ths","152",rare,g,Not Owned,Non-foil,false,,,"","",50136
"Heir of the Ancient Fang",,"Creature - Snake Samurai",,"neo","191",common,g,Not Owned,Non-foil,false,,,"","",97322
"Kodama of the West Tree",,"Legendary Creature - Spirit",,"neo","199",mythic,g,Not Owned,Non-foil,false,,,"","",97340
"Reverent Hunter",,"Creature - Human Archer",,"ths","173",rare,g,Not Owned,Non-foil,false,,,"","",50558
"Tuskguard Captain",,"Creature - Human Warrior",,"ktk","156",uncommon,g,Not Owned,Non-foil,false,,,"","",54392
"Viridian Shaman",,"Creature - Elf Shaman",,"mrd","139",uncommon,g,Not Owned,Non-foil,false,,,"","",19807
"Jukai Preserver",,"Enchantment Creature - Human Druid",,"neo","195",common,g,Not Owned,Non-foil,false,,,"","",97332
"Karametra's Acolyte",,"Creature - Human Druid",,"ths","160",uncommon,g,Not Owned,Non-foil,false,,,"","",50232
"Longshot Squad",,"Creature - Dog Archer",,"ktk","140",common,g,Not Owned,Non-foil,false,,,"","",54380
"Nylea, God of the Hunt",,"Legendary Enchantment Creature - God",,"ths","166",mythic,g,Not Owned,Non-foil,false,,,"","",50314
"Nylea's Emissary",,"Enchantment Creature - Cat",,"ths","168",uncommon,g,Not Owned,Non-foil,false,,,"","",50508
"Polukranos, World Eater",,"Legendary Creature - Hydra",,"ths","172",mythic,g,Not Owned,Non-foil,false,,,"","",50628
"Staunch-Hearted Warrior",,"Creature - Human Warrior",,"ths","179",common,g,Not Owned,Non-foil,false,,,"","",50506
"Anthousa, Setessan Hero",,"Legendary Creature - Human Warrior",,"ths","149",rare,g,Not Owned,Non-foil,false,,,"","",50538
"Arbor Colossus",,"Creature - Giant",,"ths","150",rare,g,Not Owned,Non-foil,false,,,"","",50402
"Blossom Prancer",,"Creature - Spirit",,"neo","175",uncommon,g,Not Owned,Non-foil,false,,,"","",97286
"Centaur Battlemaster",,"Creature - Centaur Warrior",,"ths","154",uncommon,g,Not Owned,Non-foil,false,,,"","",50494
"Kura, the Boundless Sky",,"Legendary Creature - Dragon Spirit",,"neo","200",mythic,g,Not Owned,Non-foil,false,,,"","",97342
"Nessian Asp",,"Creature - Snake",,"ths","164",common,g,Not Owned,Non-foil,false,,,"","",50348
"Greater Tanuki",,"Enchantment Creature - Dog",,"neo","189",common,g,Not Owned,Non-foil,false,,,"","",97318
"Nemesis of Mortals",,"Creature - Snake",,"ths","163",uncommon,g,Not Owned,Non-foil,false,,,"","",50490
"Iron-Craw Crusher",,"Artifact Creature - Wurm",,"bro","200",uncommon,g,Not Owned,,false,,,"","",105020
"Plated Slagwurm",,"Creature - Wurm",,"mrd","127",rare,g,Not Owned,Non-foil,false,,,"","",19833
"Trolls of Tel-Jilad",,"Creature - Troll Shaman",,"mrd","136",uncommon,g,Not Owned,Non-foil,false,,,"","",19805
"Living Hive",,"Creature - Elemental Insect",,"mrd","124",rare,g,Not Owned,Non-foil,false,,,"","",20047
"Battlegrowth",,"Instant",,"mrd","113",common,g,Not Owned,Non-foil,false,,,"","",19875
"Tamiyo's Safekeeping",,"Instant",,"neo","211",common,g,Not Owned,Non-foil,false,,,"","",97366
"Warriors' Lesson",,"Instant",,"ths","184",uncommon,g,Not Owned,Non-foil,false,,,"","",50236
"Master's Rebuke",,"Instant",,"neo","202",common,g,Not Owned,Non-foil,false,,,"","",97346
"Naturalize",,"Instant",,"ktk","142",common,g,Not Owned,Non-foil,false,,,"","",54384
"Predator's Strike",,"Instant",,"mrd","128",common,g,Not Owned,Non-foil,false,,,"","",19957
"Season of Renewal",,"Instant",,"neo","205",common,g,Not Owned,Non-foil,false,,,"","",97352
"Shredding Winds",,"Instant",,"ths","178",common,g,Not Owned,Non-foil,false,,,"","",50554
"Storyweave",,"Instant",,"neo","209",uncommon,g,Not Owned,Non-foil,false,,,"","",97360
"Artisan's Sorrow",,"Instant",,"ths","151",uncommon,g,Not Owned,Non-foil,false,,,"","",50238
"Dragonscale Boon",,"Instant",,"ktk","131",common,g,Not Owned,Non-foil,false,,,"","",54382
"Become Immense",,"Instant",,"ktk","130",uncommon,g,Not Owned,Non-foil,false,,,"","",54400
"Commune with Spirits",,"Sorcery",,"neo","180",common,g,Not Owned,Non-foil,false,,,"","",97298
"Savage Punch",,"Sorcery",,"ktk","147",common,g,Not Owned,Non-foil,false,,,"","",54046
"Spinning Wheel Kick",,"Sorcery",,"neo","207",uncommon,g,Not Owned,Non-foil,false,,,"","",97356
"Journey of Discovery",,"Sorcery",,"mrd","123",common,g,Not Owned,Non-foil,false,,,"","",20213
"Creeping Mold",,"Sorcery",,"mrd","117",uncommon,g,Not Owned,Non-foil,false,,,"","",20205
"Seek the Horizon",,"Sorcery",,"ktk","150",uncommon,g,Not Owned,Non-foil,false,,,"","",54122
"Incremental Growth",,"Sorcery",,"ktk","138",uncommon,g,Not Owned,Non-foil,false,,,"","",54402
"Invoke the Ancients",,"Sorcery",,"neo","193",rare,g,Not Owned,Non-foil,false,,,"","",97326
"Bow of Nylea",,"Legendary Enchantment Artifact",,"ths","153",rare,g,Not Owned,Non-foil,false,,,"","",50412
"Hardened Scales",,"Enchantment",,"ktk","133",rare,g,Not Owned,Non-foil,false,,,"","",54406
"Azusa's Many Journeys",,"Enchantment - Saga",,"neo","172",uncommon,g,Not Owned,Non-foil,false,,,"","",97278
"Nylea's Presence",,"Enchantment - Aura",,"ths","169",common,g,Not Owned,Non-foil,false,,,"","",50200
"Ordeal of Nylea",,"Enchantment - Aura",,"ths","170",uncommon,g,Not Owned,Non-foil,false,,,"","",50234
"Teachings of the Kirin",,"Enchantment - Saga",,"neo","212",rare,g,Not Owned,Non-foil,false,,,"","",97368
"Careful Cultivation",,"Enchantment - Aura",,"neo","178",common,g,Not Owned,Non-foil,false,,,"","",97294
"Feral Invocation",,"Enchantment - Aura",,"ths","158",common,g,Not Owned,Non-foil,false,,,"","",50460
"Boseiju Reaches Skyward",,"Enchantment - Saga",,"neo","177",uncommon,g,Not Owned,Non-foil,false,,,"","",97290
"Favor of Jukai",,"Enchantment - Aura",,"neo","184",common,g,Not Owned,Non-foil,false,,,"","",97308
"Battlewise Hoplite",,"Creature - Human Soldier",,"ths","189",uncommon,m,Not Owned,Non-foil,false,,,"","",50534
"Talisman of Progress",,"Artifact",,"mrd","256",uncommon,m,Not Owned,Non-foil,false,,,"","",19677
"Prodigy's Prototype",,"Artifact - Vehicle",,"neo","231",uncommon,m,Not Owned,Non-foil,false,,,"","",97412
"Tameshi, Reality Architect",,"Legendary Creature - Moonfolk Wizard",,"neo","82",rare,m,Not Owned,Non-foil,false,,,"","",97084
"Silver-Fur Master",,"Creature - Rat Ninja",,"neo","236",uncommon,m,Not Owned,Non-foil,false,,,"","",97422
"Talisman of Dominance",,"Artifact",,"mrd","253",uncommon,m,Not Owned,Non-foil,false,,,"","",19679
"Kaito Shizuki",,"Legendary Planeswalker - Kaito",,"neo","226",mythic,m,Not Owned,Non-foil,false,,,"","",97400
"Satoru Umezawa",,"Legendary Creature - Human Ninja",,"neo","234",rare,m,Not Owned,Non-foil,false,,,"","",97418
"Oni-Cult Anvil",,"Artifact",,"neo","230",uncommon,m,Not Owned,Non-foil,false,,,"","",97410
"Talisman of Indulgence",,"Artifact",,"mrd","255",uncommon,m,Not Owned,Non-foil,false,,,"","",19681
"Tymaret, the Murder King",,"Legendary Creature - Zombie Warrior",,"ths","207",rare,m,Not Owned,Non-foil,false,,,"","",50528
"Hidetsugu, Devouring Chaos",,"Legendary Creature - Ogre Demon",,"neo","99",rare,m,Not Owned,Non-foil,false,,,"","",97118
"Destructive Revelry",,"Instant",,"ddl","66",uncommon,m,Not Owned,Non-foil,false,,,"","",49993
"Invigorating Hot Spring",,"Enchantment",,"neo","223",uncommon,m,Not Owned,Non-foil,false,,,"","",97394
"Polis Crusher",,"Creature - Cyclops",,"ths","198",rare,m,Not Owned,Non-foil,false,,,"","",50470
"Xenagos, the Reveler",,"Legendary Planeswalker - Xenagos",,"ths","209",mythic,m,Not Owned,Non-foil,false,,,"","",50316
"Fleecemane Lion",,"Creature - Cat",,"ths","193",rare,m,Not Owned,Non-foil,false,,,"","",50262
"Jukai Naturalist",,"Enchantment Creature - Human Monk",,"neo","225",uncommon,m,Not Owned,Non-foil,false,,,"","",97398
"Talisman of Unity",,"Artifact",,"mrd","257",uncommon,m,Not Owned,Non-foil,false,,,"","",19685
"Chronicler of Heroes",,"Creature - Centaur Wizard",,"ths","190",uncommon,m,Not Owned,Non-foil,false,,,"","",50536
"Sorin, Solemn Visitor",,"Legendary Planeswalker - Sorin",,"ktk","202",mythic,m,Not Owned,Non-foil,false,,,"","",54258
"Triad of Fates",,"Legendary Creature - Human Wizard",,"ths","206",rare,m,Not Owned,Non-foil,false,,,"","",50514
"Utter End",,"Instant",,"ktk","210",rare,m,Not Owned,Non-foil,false,,,"","",54188
"Ashen Rider",,"Creature - Archon",,"ths","187",mythic,m,Not Owned,Non-foil,false,,,"","",50570
"Enthusiastic Mechanaut",,"Artifact Creature - Goblin Artificer",,"neo","218",uncommon,m,Not Owned,Non-foil,false,,,"","",97382
"Mindswipe",,"Instant",,"ktk","189",rare,m,Not Owned,Non-foil,false,,,"","",54144
"Spellheart Chimera",,"Creature - Chimera",,"ths","204",uncommon,m,Not Owned,Non-foil,false,,,"","",50590
"Winterflame",,"Instant",,"ktk","213",uncommon,m,Not Owned,Non-foil,false,,,"","",54450
"Kin-Tree Invocation",,"Sorcery",,"ktk","183",uncommon,m,Not Owned,Non-foil,false,,,"","",54420
"Rakshasa Deathdealer",,"Creature - Cat Demon",,"ktk","192",rare,m,Not Owned,Non-foil,false,,,"","",54452
"Gloomshrieker",,"Enchantment Creature - Cat Beast",,"neo","219",uncommon,m,Not Owned,Non-foil,false,,,"","",97384
"Pharika's Mender",,"Creature - Gorgon",,"ths","197",uncommon,m,Not Owned,Non-foil,false,,,"","",50548
"Baird, Argivian Recruiter",,"Legendary Creature - Human Soldier",,"dmu","195",uncommon,m,Not Owned,,false,,,"","",102866
"Ride Down",,"Instant",,"ktk","194",uncommon,m,Not Owned,Non-foil,false,,,"","",54424
"Anax and Cymede",,"Legendary Creature - Human Soldier",,"ddl","11",rare,m,Not Owned,Non-foil,false,,,"","",49977
"Feather, the Redeemed",,"Legendary Creature - Angel",,"war","197",rare,m,Not Owned,,false,,,"","",72000
"Icefeather Aven",,"Creature - Bird Shaman",,"ktk","178",uncommon,m,Not Owned,Non-foil,false,,,"","",54150
"Prophet of Kruphix",,"Creature - Human Wizard",,"ths","199",rare,m,Not Owned,Non-foil,false,,,"","",50618
"Sagu Mauler",,"Creature - Beast",,"ktk","196",rare,m,Not Owned,Non-foil,false,,,"","",54190
"Colossal Skyturtle",,"Enchantment Creature - Turtle",,"neo","216",uncommon,m,Not Owned,Non-foil,false,,,"","",97378
"Isshin, Two Heavens as One",,"Legendary Creature - Human Samurai",,"neo","224",rare,m,Not Owned,Non-foil,false,,,"","",97396
"Mardu Charm",,"Instant",,"ktk","186",uncommon,m,Not Owned,Non-foil,false,,,"","",54128
"Butcher of the Horde",,"Creature - Demon",,"ktk","168",rare,m,Not Owned,Non-foil,false,,,"","",54182
"Ankle Shanker",,"Creature - Goblin Berserker",,"ktk","164",rare,m,Not Owned,Non-foil,false,,,"","",54476
"Rattleclaw Mystic",,"Creature - Human Shaman",,"ktk","144",rare,m,Not Owned,Non-foil,false,,,"","",54176
"Savage Knuckleblade",,"Creature - Ogre Warrior",,"ktk","197",rare,m,Not Owned,Non-foil,false,,,"","",54186
"Temur Charm",,"Instant",,"ktk","208",uncommon,m,Not Owned,Non-foil,false,,,"","",54132
"Surrak Dragonclaw",,"Legendary Creature - Human Warrior",,"ktk","206",mythic,m,Not Owned,Non-foil,false,,,"","",54254
"Abzan Charm",,"Instant",,"ktk","161",uncommon,m,Not Owned,Non-foil,false,,,"","",54126
"Anafenza, the Foremost",,"Legendary Creature - Human Soldier",,"ktk","163",mythic,m,Not Owned,Non-foil,false,,,"","",54248
"Siege Rhino",,"Creature - Rhino",,"ktk","200",rare,m,Not Owned,Non-foil,false,,,"","",54180
"Duneblast",,"Sorcery",,"ktk","174",rare,m,Not Owned,Non-foil,false,,,"","",54428
"Jeskai Ascendancy",,"Enchantment",,"ktk","180",rare,m,Not Owned,Non-foil,false,,,"","",54436
"Jeskai Charm",,"Instant",,"ktk","181",uncommon,m,Not Owned,Non-foil,false,,,"","",54130
"Mantis Rider",,"Creature - Human Monk",,"ktk","184",rare,m,Not Owned,Non-foil,false,,,"","",54434
"Hinata, Dawn-Crowned",,"Legendary Creature - Kirin Spirit",,"neo","222",rare,m,Not Owned,Non-foil,false,,,"","",97392
"Sultai Charm",,"Instant",,"ktk","204",uncommon,m,Not Owned,Non-foil,false,,,"","",54134
"Tatsunari, Toad Rider",,"Legendary Creature - Human Ninja",,"neo","123",rare,m,Not Owned,Non-foil,false,,,"","",97172
"Villainous Wealth",,"Sorcery",,"ktk","211",rare,m,Not Owned,Non-foil,false,,,"","",54448
"Sidisi, Brood Tyrant",,"Legendary Creature - Naga Shaman",,"ktk","199",mythic,m,Not Owned,Non-foil,false,,,"","",54256
"Kyodai, Soul of Kamigawa",,"Legendary Creature - Dragon Spirit",,"neo","23",rare,m,Not Owned,Non-foil,false,,,"","",96956
"The Kami War",,"Enchantment - Saga",,"neo","227",mythic,m,Not Owned,Non-foil,false,,,"","",97402
"Clockwork Beetle",,"Artifact Creature - Insect",,"mrd","153",common,c,Not Owned,Non-foil,false,,,"","",19877
"Arcbound Ravager",,"Artifact Creature - Beast",,"dst","100",rare,c,Not Owned,,false,,,"","",20597
"Myr Adapter",,"Artifact Creature - Myr",,"mrd","210",common,c,Not Owned,Non-foil,false,,,"","",19729
"Opaline Unicorn",,"Artifact Creature - Unicorn",,"ths","218",common,c,Not Owned,Non-foil,false,,,"","",50202
"Solemn Simulacrum",,"Artifact Creature - Golem",,"mrd","245",rare,c,Not Owned,Non-foil,false,,,"","",20209
"Platinum Angel",,"Artifact Creature - Angel",,"mrd","228",rare,c,Not Owned,Non-foil,false,,,"","",19671
"Bonesplitter",,"Artifact - Equipment",,"mrd","146",common,c,Not Owned,Non-foil,false,,,"","",19829
"Dead-Iron Sledge",,"Artifact - Equipment",,"mrd","162",uncommon,c,Not Owned,Non-foil,false,,,"","",20119
"Eater of Virtue",,"Legendary Artifact - Equipment",,"neo","245",rare,c,Not Owned,Non-foil,false,,,"","",97440
"Golem-Skin Gauntlets",,"Artifact - Equipment",,"mrd","181",uncommon,c,Not Owned,Non-foil,false,,,"","",19771
"Leonin Scimitar",,"Artifact - Equipment",,"mrd","193",common,c,Not Owned,Non-foil,false,,,"","",19745
"Traveler's Amulet",,"Artifact",,"isd","234",common,c,Not Owned,Non-foil,false,,,"","",42640
"Banshee's Blade",,"Artifact - Equipment",,"mrd","144",uncommon,c,Not Owned,Non-foil,false,,,"","",19855
"Ecologist's Terrarium",,"Artifact",,"neo","246",common,c,Not Owned,Non-foil,false,,,"","",97442
"Isochron Scepter",,"Artifact",,"mrd","188",uncommon,c,Not Owned,Non-foil,false,,,"","",19665
"Lightning Greaves",,"Artifact - Equipment",,"mrd","199",uncommon,c,Not Owned,Non-foil,false,,,"","",19737
"Reckoner Bankbuster",,"Artifact - Vehicle",,"neo","255",rare,c,Not Owned,Non-foil,false,,,"","",97460
"Vorrac Battlehorns",,"Artifact - Equipment",,"mrd","271",common,c,Not Owned,Non-foil,false,,,"","",20011
"Fireshrieker",,"Artifact - Equipment",,"mrd","171",uncommon,c,Not Owned,Non-foil,false,,,"","",19895
"Helm of Kaldra",,"Legendary Artifact - Equipment",,"5dn","131",rare,c,Not Owned,,false,,,"","",20662
"Loxodon Warhammer",,"Artifact - Equipment",,"mrd","201",uncommon,c,Not Owned,Non-foil,false,,,"","",20227
"Shield of Kaldra",,"Legendary Artifact - Equipment",,"dst","139",rare,c,Not Owned,,false,,,"","",20617
"Sword of Kaldra",,"Legendary Artifact - Equipment",,"mrd","251",rare,c,Not Owned,Non-foil,false,,,"","",20273
"Glacial Floodplain",,"Snow Land - Plains Island",,"khm","257",common,l,Not Owned,,false,,,"","",87863
"Idyllic Beachfront",,"Land - Plains Island",,"dmu","249",common,l,Not Owned,,false,,,"","",102974
"Contaminated Aquifer",,"Land - Island Swamp",,"dmu","245",common,l,Not Owned,,false,,,"","",102966
"Ice Tunnel",,"Snow Land - Island Swamp",,"khm","262",common,l,Not Owned,,false,,,"","",87875
"Temple of Deceit",,"Land",,"ths","225",rare,l,Not Owned,Non-foil,false,,,"","",50264
"Geothermal Bog",,"Land - Swamp Mountain",,"dmu","247",common,l,Not Owned,,false,,,"","",102970
"Sulfurous Mire",,"Snow Land - Swamp Mountain",,"khm","270",common,l,Not Owned,,false,,,"","",87891
"Highland Forest",,"Snow Land - Mountain Forest",,"khm","261",common,l,Not Owned,,false,,,"","",87873
"Temple of Abandon",,"Land",,"ths","224",rare,l,Not Owned,Non-foil,false,,,"","",50266
"Wooded Ridgeline",,"Land - Mountain Forest",,"dmu","260",common,l,Not Owned,,false,,,"","",102996
"Arctic Treeline",,"Snow Land - Forest Plains",,"khm","249",common,l,Not Owned,,false,,,"","",87841
"Radiant Grove",,"Land - Forest Plains",,"dmu","253",common,l,Not Owned,,false,,,"","",102982
"Snowfield Sinkhole",,"Snow Land - Plains Swamp",,"khm","269",common,l,Not Owned,,false,,,"","",87889
"Sunlit Marsh",,"Land - Plains Swamp",,"dmu","257",common,l,Not Owned,,false,,,"","",102990
"Temple of Silence",,"Land",,"ths","227",rare,l,Not Owned,Non-foil,false,,,"","",50268
"Molten Tributary",,"Land - Island Mountain",,"dmu","251",common,l,Not Owned,,false,,,"","",102978
"Volatile Fjord",,"Snow Land - Island Mountain",,"khm","273",common,l,Not Owned,,false,,,"","",87897
"Haunted Mire",,"Land - Swamp Forest",,"dmu","248",common,l,Not Owned,,false,,,"","",102972
"Woodland Chasm",,"Snow Land - Swamp Forest",,"khm","274",common,l,Not Owned,,false,,,"","",87899
"Alpine Meadow",,"Snow Land - Mountain Plains",,"khm","248",common,l,Not Owned,,false,,,"","",87839
"Sacred Peaks",,"Land - Mountain Plains",,"dmu","254",common,l,Not Owned,,false,,,"","",102984
"Temple of Triumph",,"Land",,"ths","228",rare,l,Not Owned,Non-foil,false,,,"","",50270
"Rimewood Falls",,"Snow Land - Forest Island",,"khm","266",common,l,Not Owned,,false,,,"","",87883
"Tangled Islet",,"Land - Forest Island",,"dmu","258",common,l,Not Owned,,false,,,"","",102992
"Temple of Mystery",,"Land",,"ths","226",rare,l,Not Owned,Non-foil,false,,,"","",50272
"Savai Triome",,"Land - Mountain Plains Swamp",,"iko","253",rare,l,Not Owned,,false,,,"","",80515
"Ketria Triome",,"Land - Forest Island Mountain",,"iko","250",rare,l,Not Owned,,false,,,"","",80509
"Indatha Triome",,"Land - Plains Swamp Forest",,"iko","248",rare,l,Not Owned,,false,,,"","",80505
"Raugrin Triome",,"Land - Island Mountain Plains",,"iko","251",rare,l,Not Owned,,false,,,"","",80511
"Zagoth Triome",,"Land - Swamp Forest Island",,"iko","259",rare,l,Not Owned,,false,,,"","",80527
"Ancient Den",,"Artifact Land",,"mrd","278",common,l,Not Owned,Non-foil,false,,,"","",20015
"Bloodstained Mire",,"Land",,"ktk","230",rare,l,Not Owned,Non-foil,false,,,"","",54198
"Boseiju, Who Endures",,"Legendary Land",,"neo","266",rare,l,Not Owned,Non-foil,false,,,"","",97482
"Eiganjo, Seat of the Empire",,"Legendary Land",,"neo","268",rare,l,Not Owned,Non-foil,false,,,"","",97486
"Flooded Strand",,"Land",,"ktk","233",rare,l,Not Owned,Non-foil,false,,,"","",54194
"Glimmervoid",,"Land",,"mrd","281",rare,l,Not Owned,Non-foil,false,,,"","",19881
"Great Furnace",,"Artifact Land",,"mrd","282",common,l,Not Owned,Non-foil,false,,,"","",20021
"Nykthos, Shrine to Nyx",,"Legendary Land",,"ths","223",rare,l,Not Owned,Non-foil,false,,,"","",50274
"Otawara, Soaring City",,"Legendary Land",,"neo","271",rare,l,Not Owned,Non-foil,false,,,"","",97492
"Polluted Delta",,"Land",,"ktk","239",rare,l,Not Owned,Non-foil,false,,,"","",54196
"Seat of the Synod",,"Artifact Land",,"mrd","283",common,l,Not Owned,Non-foil,false,,,"","",20017
"Secluded Courtyard",,"Land",,"neo","275",uncommon,l,Not Owned,Non-foil,false,,,"","",97500
"Sokenzan, Crucible of Defiance",,"Legendary Land",,"neo","276",rare,l,Not Owned,Non-foil,false,,,"","",97502
"Takenuma, Abandoned Mire",,"Legendary Land",,"neo","278",rare,l,Not Owned,Non-foil,false,,,"","",97506
"Tree of Tales",,"Artifact Land",,"mrd","285",common,l,Not Owned,Non-foil,false,,,"","",20249
"Uncharted Haven",,"Land",,"neo","281",common,l,Not Owned,Non-foil,false,,,"","",97512
"Urza's Saga",,"Enchantment Land - Urza's Saga",,"mh2","259",rare,l,Not Owned,,false,,,"","",90899
"Vault of Whispers",,"Artifact Land",,"mrd","286",common,l,Not Owned,Non-foil,false,,,"","",20019
"Windswept Heath",,"Land",,"ktk","248",rare,l,Not Owned,Non-foil,false,,,"","",54202
"Wooded Foothills",,"Land",,"ktk","249",rare,l,Not Owned,Non-foil,false,,,"","",54200
