Name,CMC,Type,Color,Set,Collector Number,Rarity,Color Category,Status,Finish,Maybeboard,Image URL,Image Back URL,Tags,Notes,MTGO ID
"Champion of the Parish",1,"Creature - Human Soldier",W,"isd","6",rare,w,Owned,Non-foil,false,,,"","",42828
"Chaplain of Alms",1,"Creature - Human Cleric",W,"mid","13",uncommon,w,Owned,Non-foil,false,,,"","",92948
"Hopeful Initiate",1,"Creature - Human Warlock",W,"vow","20",rare,w,Owned,Non-foil,false,,,"","",94328
"Mikaeus, the Lunarch",1,"Legendary Creature - Human Cleric",W,"isd","23",mythic,w,Owned,Non-foil,false,,,"","",42762
"Thraben Inspector",1,"Creature - Human Soldier",W,"soi","44",common,w,Owned,Non-foil,false,,,"","",60240
"Topplegeist",1,"Creature - Spirit",W,"soi","45",uncommon,w,Owned,Non-foil,false,,,"","",59936
"Traveling Minister",1,"Creature - Human Cleric",W,"vow","39",common,w,Owned,Foil,false,,,"","",94374
"Ambitious Farmhand",2,"Creature - Human Peasant",W,"mid","2",uncommon,w,Owned,Non-foil,false,,,"","",92918
"Hanweir Militia Captain",2,"Creature - Human Soldier",W,"soi","21",rare,w,Owned,Non-foil,false,,,"","",59908
"Intrepid Adversary",2,"Creature - Human Scout",W,"mid","25",mythic,w,Owned,Non-foil,false,,,"","",92976
"Lone Rider",2,"Creature - Human Knight",W,"emn","33",uncommon,w,Owned,Non-foil,false,,,"","",61086
"Selfless Spirit",2,"Creature - Spirit Cleric",W,"emn","40",rare,w,Owned,Non-foil,false,,,"","",61102
"Sungold Sentinel",2,"Creature - Human Soldier",W,"mid","37",rare,w,Owned,Non-foil,false,,,"","",93004
"Thalia, Guardian of Thraben",2,"Legendary Creature - Human Soldier",W,"vow","318",rare,w,Owned,Non-foil,false,,,"","",94204
"Thalia's Lieutenant",2,"Creature - Human Soldier",W,"soi","43",rare,w,Owned,Non-foil,false,,,"","",59788
"Twinblade Geist",2,"Creature - Spirit Warrior",W,"vow","40",uncommon,w,Owned,Non-foil,false,,,"","",94376
"Voice of the Blessed",2,"Creature - Spirit Cleric",W,"vow","44",rare,w,Owned,Non-foil,false,,,"","",94386
"Adeline, Resplendent Cathar",3,"Legendary Creature - Human Knight",W,"mid","312",rare,w,Owned,Non-foil,false,,,"","",94126
"Brutal Cathar",3,"Creature - Human Soldier Werewolf",W,"mid","7",rare,m,Owned,Non-foil,false,,,"","",92934
"Katilda, Dawnhart Martyr",3,"Legendary Creature - Spirit Warlock",W,"vow","21",rare,w,Owned,Non-foil,false,,,"","",94330
"Kindly Ancestor",3,"Creature - Spirit",W,"vow","22",common,w,Owned,Non-foil,false,,,"","",94334
"Pious Evangel",3,"Creature - Human Cleric",W,"soi","34",uncommon,m,Owned,Non-foil,false,,,"","",60396
"Silverblade Paladin",3,"Creature - Human Knight",W,"avr","36",rare,w,Owned,Non-foil,false,,,"","",44279
"Thalia, Heretic Cathar",3,"Legendary Creature - Human Soldier",W,"emn","46",rare,w,Owned,Non-foil,false,,,"","",61308
"Thraben Doomsayer",3,"Creature - Human Cleric",W,"dka","25",rare,w,Owned,Non-foil,false,,,"","",43353
"Welcoming Vampire",3,"Creature - Vampire",W,"vow","46",rare,w,Owned,Non-foil,false,,,"","",94392
"Cemetery Protector",4,"Creature - Human Soldier",W,"vow","6",mythic,w,Owned,Non-foil,false,,,"","",94294
"Clarion Cathars",4,"Creature - Human Knight",W,"mid","14",common,w,Owned,Non-foil,false,,,"","",92952
"Gisela, the Broken Blade",4,"Legendary Creature - Angel Horror",W,"emn","28",mythic,w,Owned,Non-foil,false,,,"","",61100
"Heron of Hope",4,"Creature - Bird",W,"vow","18",common,w,Owned,Non-foil,false,,,"","",94324
"Nearheath Chaplain",4,"Creature - Human Cleric",W,"soi","29",uncommon,w,Owned,Non-foil,false,,,"","",59864
"Odric, Lunarch Marshal",4,"Legendary Creature - Human Soldier",W,"soi","31",rare,w,Owned,Non-foil,false,,,"","",59944
"Restoration Angel",4,"Creature - Angel",W,"avr","32",rare,w,Owned,Non-foil,false,,,"","",44009
"Slayer of the Wicked",4,"Creature - Human Soldier",W,"isd","32",uncommon,w,Owned,Non-foil,false,,,"","",42290
"Angel of Flight Alabaster",5,"Creature - Angel",W,"isd","2",rare,w,Owned,Non-foil,false,,,"","",42526
"Archangel Avacyn",5,"Legendary Creature - Angel",W,"soi","5",mythic,m,Owned,Non-foil,false,,,"","",59766
"Geist-Honored Monk",5,"Creature - Human Monk",W,"isd","17",rare,w,Owned,Non-foil,false,,,"","",42558
"Herald of War",5,"Creature - Angel",W,"avr","24",rare,w,Owned,Non-foil,false,,,"","",44081
"Sigardian Savior",5,"Creature - Angel",W,"mid","34",mythic,w,Owned,Non-foil,false,,,"","",92998
"Breathkeeper Seraph",6,"Creature - Angel",W,"voc","31",rare,w,Owned,Non-foil,false,,,"","",
"Angel of Glory's Rise",7,"Creature - Angel",W,"avr","1",rare,w,Owned,Non-foil,false,,,"","",43869
"Bruna, the Fading Light",7,"Legendary Creature - Angel Horror",W,"emn","15a",rare,w,Owned,Non-foil,false,,,"","",61098
"Adamant Will",2,"Instant",W,"vow","1",common,w,Owned,Non-foil,false,,,"","",94284
"Blessed Alliance",2,"Instant",W,"emn","13",uncommon,w,Owned,Non-foil,false,,,"","",61088
"Fateful Absence",2,"Instant",W,"mid","18",rare,w,Owned,Non-foil,false,,,"","",92962
"Feeling of Dread",2,"Instant",W,"isd","14",common,m,Owned,Non-foil,false,,,"","",42644
"Fierce Retribution",2,"Instant",W,"vow","13",common,w,Owned,Non-foil,false,,,"","",94314
"Ray of Revelation",2,"Instant",W,"dka","17",common,White,Owned,Non-foil,false,,,"","",43257
"Valorous Stance",2,"Instant",W,"vow","42",uncommon,w,Owned,Non-foil,false,,,"","",94382
"Eerie Interlude",3,"Instant",W,"soi","16",rare,w,Owned,Non-foil,false,,,"","",60282
"Declaration in Stone",2,"Sorcery",W,"soi","12",rare,w,Owned,Non-foil,false,,,"","",59878
"Sunset Revelry",2,"Sorcery",W,"mid","38",uncommon,w,Owned,Non-foil,false,,,"","",93006
"Angelic Purge",3,"Sorcery",W,"soi","3",common,w,Owned,Non-foil,false,,,"","",59756
"Collective Effort",3,"Sorcery",W,"emn","17",rare,w,Owned,Non-foil,false,,,"","",61094
"Entreat the Angels",3,"Sorcery",W,"avr","20",mythic,w,Owned,Non-foil,false,,,"","",43805
"Lingering Souls",3,"Sorcery",W,"dka","12",uncommon,m,Owned,Non-foil,false,,,"","",43359
"Divine Reckoning",4,"Sorcery",W,"isd","10",rare,w,Owned,Non-foil,false,,,"","",42710
"By Invitation Only",5,"Sorcery",W,"vow","5",rare,w,Owned,Non-foil,false,,,"","",94292
"Candletrap",1,"Enchantment - Aura",W,"mid","9",common,w,Owned,Non-foil,false,,,"","",92940
"Gryff's Boon",1,"Enchantment - Aura",W,"soi","20",uncommon,w,Owned,Non-foil,false,,,"","",60142
"Bonds of Faith",2,"Enchantment - Aura",W,"isd","5",common,w,Owned,Non-foil,false,,,"","",42358
"Bound by Moonsilver",3,"Enchantment - Aura",W,"soi","7",uncommon,w,Owned,Non-foil,false,,,"","",59974
"Cathar's Call",3,"Enchantment - Aura",W,"mid","11",uncommon,w,Owned,Non-foil,false,,,"","",92944
"Gift of Immortality",3,"Enchantment - Aura",W,"ths","14",rare,w,Owned,Non-foil,false,,,"","",50374
"Wedding Announcement",3,"Enchantment",W,"vow","355",rare,w,Owned,Non-foil,false,,,"","",
"Lantern Bearer",1,"Creature - Spirit",U,"vow","66",common,u,Owned,Non-foil,false,,,"","",94440
"Mausoleum Wanderer",1,"Creature - Spirit",U,"emn","69",rare,u,Owned,Non-foil,false,,,"","",61138
"Nephalia Smuggler",1,"Creature - Human Rogue",U,"avr","69",uncommon,u,Owned,Non-foil,false,,,"","",44079
"Fogwalker",2,"Creature - Spirit",U,"emn","60",common,u,Owned,Non-foil,false,,,"","",61328
"Jacob Hauken, Inspector",2,"Legendary Creature - Human Advisor",U,"vow","65",mythic,u,Owned,Non-foil,false,,,"","",94436
"Mindshrieker",2,"Creature - Spirit Bird",U,"isd","67",rare,u,Owned,Non-foil,false,,,"","",42514
"Mischievous Catgeist",2,"Creature - Cat Spirit",U,"vow","69",uncommon,u,Owned,Non-foil,false,,,"","",94450
"Patchwork Crawler",2,"Creature - Zombie Horror",U,"vow","364",rare,u,Owned,Non-foil,false,,,"","",
"Rattlechains",2,"Creature - Spirit",U,"soi","81",rare,u,Owned,Non-foil,false,,,"","",59790
"Snapcaster Mage",2,"Creature - Human Wizard",U,"isd","78",rare,u,Owned,Non-foil,false,,,"","",42512
"Spectral Adversary",2,"Creature - Spirit",U,"mid","77",mythic,u,Owned,Non-foil,false,,,"","",93100
"Suspicious Stowaway",2,"Creature - Human Rogue Werewolf",U,"mid","80",rare,Blue,Owned,Non-foil,false,,,"","",93106
"Thing in the Ice",2,"Creature - Horror",U,"soi","92",rare,u,Owned,Non-foil,false,,,"","",59868
"Wharf Infiltrator",2,"Creature - Human Horror",U,"emn","80",rare,u,Owned,Non-foil,false,,,"","",61332
"Cemetery Illuminator",3,"Creature - Spirit",U,"vow","50",mythic,u,Owned,Non-foil,false,,,"","",94404
"Dreamshackle Geist",3,"Creature - Spirit",U,"vow","358",rare,u,Owned,Non-foil,false,,,"","",
"Geralf, Visionary Stitcher",3,"Legendary Creature - Human Wizard",U,"vow","61",rare,u,Owned,Non-foil,false,,,"","",94426
"Overwhelmed Archivist",3,"Creature - Human Wizard",U,"mid","68",uncommon,u,Owned,Non-foil,false,,,"","",93078
"Patrician Geist",3,"Creature - Spirit Knight",U,"mid","69",rare,u,Owned,Non-foil,false,,,"","",93082
"Poppet Stitcher",3,"Creature - Human Wizard",U,"mid","339",mythic,u,Owned,Non-foil,false,,,"","",
"Stitched Assistant",3,"Creature - Zombie",U,"vow","81",common,u,Owned,Non-foil,false,,,"","",94478
"Tandem Lookout",3,"Creature - Human Scout",U,"avr","80",uncommon,u,Owned,Non-foil,false,,,"","",44131
"Cruel Witness",4,"Creature - Bird Horror",U,"vow","55",common,u,Owned,Non-foil,false,,,"","",94414
"Drunau Corpse Trawler",4,"Creature - Zombie",U,"soi","57",uncommon,m,Owned,Non-foil,false,,,"","",60258
"Dungeon Geists",4,"Creature - Spirit",U,"cma","39",rare,u,Owned,Non-foil,false,,,"","",
"Gutter Skulker",4,"Creature - Spirit",U,"vow","62",uncommon,u,Owned,Non-foil,false,,,"","",94428
"Havengul Runebinder",4,"Creature - Human Wizard",U,"dka","39",rare,u,Owned,Non-foil,false,,,"","",43287
"Niblis of Frost",4,"Creature - Spirit",U,"emn","72",rare,u,Owned,Non-foil,false,,,"","",61336
"Organ Hoarder",4,"Creature - Zombie",U,"mid","66",common,u,Owned,Non-foil,false,,,"","",93074
"Overcharged Amalgam",4,"Creature - Zombie Horror",U,"vow","363",rare,u,Owned,Non-foil,false,,,"","",
"Repository Skaab",4,"Creature - Zombie",U,"vow","73",common,u,Owned,Non-foil,false,,,"","",94460
"Tower Geist",4,"Creature - Spirit",U,"dka","53",uncommon,u,Owned,Non-foil,false,,,"","",43319
"Whispering Wizard",4,"Creature - Human Wizard",U,"vow","88",uncommon,u,Owned,Non-foil,false,,,"","",94492
"Diver Skaab",5,"Creature - Zombie",U,"vow","56",uncommon,u,Owned,Non-foil,false,,,"","",94416
"Docent of Perfection",5,"Creature - Insect Horror",U,"emn","56",rare,u,Owned,Non-foil,false,,,"","",61132
"Sludge Monster",5,"Creature - Horror",U,"mid","340",rare,u,Owned,Non-foil,false,,,"","",
"Deadeye Navigator",6,"Creature - Spirit",U,"mm3","36",rare,u,Owned,Non-foil,false,,,"","",63321
"Consider",1,"Instant",U,"mid","44",common,u,Owned,Non-foil,false,,,"","",93020
"Fading Hope",1,"Instant",U,"mid","51",uncommon,u,Owned,Non-foil,false,,,"","",93038
"Otherworldly Gaze",1,"Instant",U,"mid","67",common,u,Owned,Non-foil,false,,,"","",93076
"Syncopate",1,"Instant",U,"vow","83",common,u,Owned,Non-foil,false,,,"","",94482
"Thought Scour",1,"Instant",U,"dka","52",common,u,Owned,Non-foil,false,,,"","",43399
"Wash Away",1,"Instant",U,"vow","87",uncommon,u,Owned,Non-foil,false,,,"","",94490
"Compelling Deterrence",2,"Instant",U,"soi","52",uncommon,u,Owned,Non-foil,false,,,"","",60118
"Memory's Journey",2,"Instant",U,"isd","66",uncommon,m,Owned,Non-foil,false,,,"","",42808
"Think Twice",2,"Instant",U,"isd","83",common,u,Owned,Non-foil,false,,,"","",42534
"Unsubstantiate",2,"Instant",U,"emn","79",uncommon,u,Owned,Non-foil,false,,,"","",61136
"Catalog",3,"Instant",U,"soi","51",common,u,Owned,Non-foil,false,,,"","",59796
"Chill of the Grave",3,"Instant",U,"vow","51",common,u,Owned,Non-foil,false,,,"","",94406
"Convolute",3,"Instant",U,"emn","53",common,u,Owned,Non-foil,false,,,"","",61106
"Dissipate",3,"Instant",U,"mid","49",uncommon,u,Owned,Non-foil,false,,,"","",93034
"Flip the Switch",3,"Instant",U,"mid","54",common,u,Owned,Non-foil,false,,,"","",93044
"Syphon Essence",3,"Instant",U,"vow","84",common,u,Owned,Non-foil,false,,,"","",94484
"Thirst for Discovery",3,"Instant",U,"vow","85",uncommon,u,Owned,Non-foil,false,,,"","",94486
"Memory Deluge",4,"Instant",U,"mid","62",rare,u,Owned,Non-foil,false,,,"","",93064
"Increasing Confusion",1,"Sorcery",U,"dka","41",rare,u,Owned,Non-foil,false,,,"","",43431
"Silent Departure",1,"Sorcery",U,"isd","75",common,u,Owned,Non-foil,false,,,"","",42284
"Press for Answers",2,"Sorcery",U,"soi","80",common,u,Owned,Non-foil,false,,,"","",60166
"Runic Repetition",3,"Sorcery",U,"isd","72",uncommon,u,Owned,Non-foil,false,,,"","",42500
"Witness the Future",3,"Sorcery",U,"vow","90",uncommon,u,Owned,Non-foil,false,,,"","",94496
"Consuming Tide",4,"Sorcery",U,"vow","53",rare,u,Owned,Non-foil,false,,,"","",94410
"Grasp of Phantoms",4,"Sorcery",U,"isd","58",uncommon,u,Owned,Non-foil,false,,,"","",42672
"Into the Void",4,"Sorcery",U,"avr","62",uncommon,u,Owned,Non-foil,false,,,"","",44253
"Mystic Retrieval",4,"Sorcery",U,"dka","42",uncommon,m,Owned,Non-foil,false,,,"","",43335
"Devastation Tide",5,"Sorcery",U,"avr","48",rare,u,Owned,Non-foil,false,,,"","",44223
"Champion of the Perished",1,"Creature - Zombie",B,"mid","91",rare,b,Owned,Non-foil,false,,,"","",93132
"Concealing Curtains",1,"Creature - Wall",B,"vow","367",rare,b,Owned,Foil,false,,,"","",
"Cryptbreaker",1,"Creature - Zombie",B,"emn","86",rare,b,Owned,Non-foil,false,,,"","",61372
"Gravecrawler",1,"Creature - Zombie",B,"dka","64",rare,b,Owned,Non-foil,false,,,"","",43175
"Indulgent Aristocrat",1,"Creature - Vampire Noble",B,"soi","118",uncommon,b,Owned,Non-foil,false,,,"","",60020
"Blood Artist",2,"Creature - Vampire",B,"avr","86",uncommon,b,Owned,Non-foil,false,,,"","",44105
"Disciple of Griselbrand",2,"Creature - Human Cleric",B,"isd","98",uncommon,b,Owned,Non-foil,false,,,"","",42688
"Doomed Dissenter",2,"Creature - Human",B,"vow","106",common,b,Owned,Non-foil,false,,,"","",94536
"Jadar, Ghoulcaller of Nephalia",2,"Legendary Creature - Human Wizard",B,"mid","108",rare,b,Owned,Non-foil,false,,,"","",93176
"Relentless Dead",2,"Creature - Zombie",B,"soi","131",mythic,b,Owned,Non-foil,false,,,"","Expensive",60018
"Slaughter Specialist",2,"Creature - Vampire Warrior",B,"mid","122",rare,b,Owned,Non-foil,false,,,"","",93208
"Tainted Adversary",2,"Creature - Zombie",B,"mid","124",mythic,b,Owned,Non-foil,false,,,"","",93212
"Undead Butler",2,"Creature - Zombie",B,"vow","133",uncommon,b,Owned,Non-foil,false,,,"","",94598
"Voldaren Bloodcaster",2,"Creature - Vampire Wizard",B,"vow","298",rare,b,Owned,Non-foil,false,,,"","",
"Archghoul of Thraben",3,"Creature - Zombie Cleric",B,"vow","93",uncommon,b,Owned,Non-foil,false,,,"","",94502
"Bloodflow Connoisseur",3,"Creature - Vampire",B,"avr","87",common,b,Owned,Non-foil,false,,,"","",44121
"Desperate Farmer",3,"Creature - Human Peasant",B,"vow","104",common,b,Owned,Non-foil,false,,,"","",94530
"Diregraf Colossus",3,"Creature - Zombie Giant",B,"soi","107",rare,b,Owned,Non-foil,false,,,"","",60034
"Falkenrath Torturer",3,"Creature - Vampire",B,"dka","60",common,b,Owned,Non-foil,false,,,"","",43363
"Fell Stinger",3,"Creature - Zombie Scorpion",B,"vow","112",uncommon,b,Owned,Non-foil,false,,,"","",94548
"Graveyard Trespasser",3,"Creature - Human Werewolf",B,"mid","104",rare,b,Owned,Non-foil,false,,,"","",93164
"Headless Rider",3,"Creature - Zombie",B,"vow","118",rare,b,Owned,Non-foil,false,,,"","",94560
"Jerren, Corrupted Bishop",3,"Legendary Creature - Human Cleric",B,"mid","316",mythic,b,Owned,Non-foil,false,,,"","",94134
"Morbid Opportunist",3,"Creature - Human Rogue",B,"mid","113",uncommon,b,Owned,Non-foil,false,,,"","",93188
"Silversmote Ghoul",3,"Creature - Zombie Vampire",B,"m21","122",uncommon,Black,Owned,Non-foil,false,,,"","",81471
"Unbreathing Horde",3,"Creature - Zombie",B,"isd","121",rare,b,Owned,Non-foil,false,,,"","",42556
"Vito, Thorn of the Dusk Rose",3,"Legendary Creature - Vampire Cleric",B,"m21","127",rare,b,Owned,Non-foil,false,,,"","",81481
"Accursed Witch",4,"Creature - Human Shaman",B,"soi","97",uncommon,b,Owned,Non-foil,false,,,"","",60370
"Bloodline Keeper",4,"Creature - Vampire",B,"isd","90",rare,b,Owned,Non-foil,false,,,"","",42466
"Diregraf Scavenger",4,"Creature - Zombie Bear",B,"vow","105",common,b,Owned,Non-foil,false,,,"","",94534
"Henrika Domnathi",4,"Legendary Creature - Vampire",B,"vow","293",mythic,b,Owned,Non-foil,false,,,"","",
"Mindwrack Demon",4,"Creature - Demon",B,"soi","124",mythic,b,Owned,Non-foil,false,,,"","",59910
"Bloodgift Demon",5,"Creature - Demon",B,"isd","89",rare,b,Owned,Non-foil,false,,,"","",42786
"Rot-Tide Gargantua",5,"Creature - Zombie Kraken",B,"vow","129",common,b,Owned,Non-foil,false,,,"","",94590
"Voldaren Pariah",5,"Creature - Vampire Horror",B,"emn","111",rare,b,Owned,Non-foil,false,,,"","",61396
"Cemetery Desecrator",6,"Creature - Zombie",B,"vow","100",mythic,b,Owned,Non-foil,false,,,"","",94520
"Mikaeus, the Unhallowed",6,"Legendary Creature - Zombie Cleric",B,"sld","490",mythic,b,Owned,Non-foil,false,,,"","",
"Soul of Innistrad",6,"Creature - Avatar",B,"m15","115",mythic,b,Owned,Non-foil,false,,,"","",53758
"Death Wind",1,"Instant",B,"avr","93",common,b,Owned,Non-foil,false,,,"","",44137
"Tragic Slip",1,"Instant",B,"dka","76",common,b,Owned,Non-foil,false,,,"","",43189
"Undying Evil",1,"Instant",B,"dka","77",common,b,Owned,Non-foil,false,,,"","",43393
"Infernal Grasp",2,"Instant",B,"mid","107",uncommon,b,Owned,Non-foil,false,,,"","",93174
"Olivia's Midnight Ambush",2,"Instant",B,"mid","118",common,b,Owned,Non-foil,false,,,"","",93198
"Blood Pact",3,"Instant",B,"mid","88",common,b,Owned,Non-foil,false,,,"","",93126
"Bloodline Culling",3,"Instant",B,"mid","89",rare,b,Owned,Non-foil,false,,,"","",93128
"Murder",3,"Instant",B,"emn","97",uncommon,b,Owned,Non-foil,false,,,"","",61388
"Bleed Dry",4,"Instant",B,"vow","94",common,b,Owned,Non-foil,false,,,"","",94504
"Crawl from the Cellar",1,"Sorcery",B,"mid","93",common,b,Owned,Non-foil,false,,,"","",93138
"Eaten Alive",1,"Sorcery",B,"mid","99",common,b,Owned,Non-foil,false,,,"","",93152
"Killing Wave",1,"Sorcery",B,"avr","111",rare,b,Owned,Non-foil,false,,,"","",44109
"Collective Brutality",2,"Sorcery",B,"emn","85",rare,b,Owned,Non-foil,false,,,"","",61144
"Path of Peril",3,"Sorcery",B,"vow","373",rare,Black,Owned,Foil,false,,,"","",
"Pointed Discussion",3,"Sorcery",B,"vow","126",common,b,Owned,Non-foil,false,,,"","",94580
"Edgar's Awakening",5,"Sorcery",B,"vow","110",uncommon,b,Owned,Non-foil,false,,,"","",94544
"From Under the Floorboards",5,"Sorcery",B,"soi","111",rare,b,Owned,Non-foil,false,,,"","",60092
"Rise from the Grave",5,"Sorcery",B,"emn","102",uncommon,b,Owned,Non-foil,false,,,"","",61178
"Army of the Damned",8,"Sorcery",B,"isd","87",mythic,b,Owned,Non-foil,false,,,"","",42520
"Blood Fountain",1,"Artifact",B,"vow","95",common,b,Owned,Non-foil,false,,,"","",94506
"Mask of Griselbrand",3,"Legendary Artifact - Equipment",B,"mid","111",rare,b,Owned,Non-foil,false,,,"","",93184
"Gift of Fangs",1,"Enchantment - Aura",B,"vow","113",common,b,Owned,Non-foil,false,,,"","",94550
"Call the Bloodline",2,"Enchantment",B,"soi","103",uncommon,b,Owned,Non-foil,false,,,"","",60198
"Ghoulish Procession",2,"Enchantment",B,"mid","102",uncommon,b,Owned,Non-foil,false,,,"","",93160
"Curse of Leeches",3,"Enchantment - Aura Curse",B,"mid","94",rare,b,Owned,Non-foil,false,,,"","",93140
"Endless Ranks of the Dead",4,"Enchantment",B,"isd","99",rare,b,Owned,Non-foil,false,,,"","",42590
"Descent into Madness",5,"Enchantment",B,"avr","97",mythic,b,Owned,Non-foil,false,,,"","",43809
"Falkenrath Gorger",1,"Creature - Vampire Berserker",R,"soi","155",rare,r,Owned,Non-foil,false,,,"","",59776
"Falkenrath Pit Fighter",1,"Creature - Vampire Warrior",R,"mid","137",rare,r,Owned,Non-foil,false,,,"","",93240
"Insolent Neonate",1,"Creature - Vampire",R,"soi","168",common,r,Owned,Non-foil,false,,,"","",60306
"Reckless Waif",1,"Creature - Human Rogue Werewolf",R,"isd","159",uncommon,r,Owned,Non-foil,false,,,"","",42380
"Village Messenger",1,"Creature - Human Werewolf",R,"soi","190",uncommon,r,Owned,Non-foil,false,,,"","",60028
"Voldaren Epicure",1,"Creature - Vampire",R,"vow","308",common,r,Owned,Non-foil,false,,,"","",
"Blood Petal Celebrant",2,"Creature - Vampire",R,"vow","146",common,r,Owned,Non-foil,false,,,"","",94630
"Bloodthirsty Adversary",2,"Creature - Vampire",R,"mid","129",mythic,r,Owned,Non-foil,false,,,"","",93224
"Cemetery Gatekeeper",2,"Creature - Vampire",R,"vow","148",mythic,r,Owned,Non-foil,false,,,"","",94634
"Falkenrath Perforator",2,"Creature - Vampire",R,"mid","136",common,r,Owned,Non-foil,false,,,"","",93238
"Flame Channeler",2,"Creature - Human Wizard",R,"mid","141",uncommon,r,Owned,Non-foil,false,,,"","",93250
"Runebound Wolf",2,"Creature - Wolf",R,"vow","176",uncommon,r,Owned,Non-foil,false,,,"","",94696
"Smoldering Egg",2,"Creature - Dragon Egg",R,"mid","159",rare,r,Owned,Non-foil,false,,,"","",93292
"Thermo-Alchemist",2,"Creature - Human Shaman",R,"emn","147",common,r,Owned,Non-foil,false,,,"","",61198
"Belligerent Guest",3,"Creature - Vampire",R,"vow","144",common,r,Owned,Non-foil,false,,,"","",94626
"Bloodmad Vampire",3,"Creature - Vampire Berserker",R,"soi","146",common,r,Owned,Non-foil,false,,,"","",60228
"Breakneck Rider",3,"Creature - Human Scout Werewolf",R,"soi","147",uncommon,r,Owned,Non-foil,false,,,"","",59780
"Dominating Vampire",3,"Creature - Vampire",R,"vow","154",rare,r,Owned,Non-foil,false,,,"","",94646
"Kruin Outlaw",3,"Creature - Human Rogue Werewolf",R,"isd","152",rare,r,Owned,Non-foil,false,,,"","",42506
"Rakish Heir",3,"Creature - Vampire",R,"isd","158",uncommon,r,Owned,Non-foil,false,,,"","",42598
"Reckless Stormseeker",3,"Creature - Human Werewolf",R,"mid","294",rare,r,Owned,Non-foil,false,,,"","",
"Stromkirk Occultist",3,"Creature - Vampire Horror",R,"emn","146",rare,r,Owned,Non-foil,false,,,"","",61212
"Ardent Elementalist",4,"Creature - Human Shaman",R,"mid","128",common,r,Owned,Non-foil,false,,,"","",93222
"Ballista Watcher",4,"Creature - Human Soldier Werewolf",R,"vow","143",uncommon,r,Owned,Non-foil,false,,,"","",94622
"Ill-Tempered Loner",4,"Creature - Human Werewolf",R,"vow","162",rare,r,Owned,Non-foil,false,,,"","",94664
"Lambholt Raconteur",4,"Creature - Human Werewolf",R,"vow","167",uncommon,r,Owned,Non-foil,false,,,"","",94676
"Manaform Hellkite",4,"Creature - Dragon",R,"vow","170",mythic,r,Owned,Non-foil,false,,,"","",94684
"Mondronen Shaman",4,"Creature - Human Shaman Werewolf",R,"dka","98",rare,r,Owned,Non-foil,false,,,"","",43481
"Moonveil Regent",4,"Creature - Dragon",R,"mid","149",mythic,r,Owned,Non-foil,false,,,"","",93270
"Sunstreak Phoenix",4,"Creature - Phoenix",R,"mid","162",mythic,r,Owned,Non-foil,false,,,"","",93302
"Backdraft Hellkite",5,"Creature - Dragon",R,"2x2","103",rare,r,Owned,Non-foil,false,,,"","",101690
"Mounted Dreadknight",5,"Creature - Vampire Knight",R,"mid","150",common,r,Owned,Non-foil,false,,,"","",93272
"Volatile Arsonist",5,"Creature - Human Werewolf",R,"vow","181",mythic,r,Owned,Non-foil,false,,,"","",94706
"Charmbreaker Devils",6,"Creature - Devil",R,"isd","134",rare,r,Owned,Non-foil,false,,,"","",42510
"Flayer of the Hatebound",6,"Creature - Devil",R,"dka","89",rare,r,Owned,Non-foil,false,,,"","",43425
"Bedlam Reveler",8,"Creature - Devil Horror",R,"emn","118",rare,r,Owned,Non-foil,false,,,"","",61224
"Lightning Axe",1,"Instant",R,"soi","170",uncommon,r,Owned,Non-foil,false,,,"","",59900
"Play with Fire",1,"Instant",R,"mid","154",uncommon,r,Owned,Non-foil,false,,,"","",93280
"Unholy Heat",1,"Instant",R,"mh2","145",common,r,Owned,Non-foil,false,,,"","",90667
"Abrade",2,"Instant",R,"vow","139",common,r,Owned,Non-foil,false,,,"","",94612
"Cathartic Pyre",2,"Instant",R,"mid","133",uncommon,r,Owned,Non-foil,false,,,"","",93232
"Stolen Vitality",2,"Instant",R,"mid","161",common,r,Owned,Non-foil,false,,,"","",93300
"Brimstone Volley",3,"Instant",R,"isd","132",common,r,Owned,Non-foil,false,,,"","",42580
"Electric Revelation",3,"Instant",R,"mid","135",common,r,Owned,Non-foil,false,,,"","",93236
"Fiery Temper",3,"Instant",R,"soi","156",common,r,Owned,Non-foil,false,,,"","",59934
"Rending Flame",3,"Instant",R,"vow","175",uncommon,r,Owned,Non-foil,false,,,"","",94694
"Rush of Blood",3,"Instant",R,"avr","154",uncommon,r,Owned,Non-foil,false,,,"","",44111
"Savage Alliance",3,"Instant",R,"emn","140",uncommon,r,Owned,Non-foil,false,,,"","",61426
"Vampires' Vengeance",3,"Instant",R,"vow","180",uncommon,r,Owned,Non-foil,false,,,"","",94704
"Aggravate",5,"Instant",R,"avr","125",uncommon,r,Owned,Non-foil,false,,,"","",44211
"Thunderous Wrath",6,"Instant",R,"avr","160",uncommon,r,Owned,Non-foil,false,,,"","",43859
"Bonfire of the Damned",1,"Sorcery",R,"avr","129",mythic,r,Owned,Non-foil,false,,,"","",44191
"Devil's Play",1,"Sorcery",R,"isd","140",rare,r,Owned,Non-foil,false,,,"","",42818
"Faithless Looting",1,"Sorcery",R,"dka","87",common,r,Owned,Non-foil,false,,,"","",43267
"Avacyn's Judgment",2,"Sorcery",R,"soi","145",rare,r,Owned,Non-foil,false,,,"","",60086
"Nightbird's Clutches",2,"Sorcery",R,"isd","154",common,r,Owned,Non-foil,false,,,"","",42306
"Bloody Betrayal",3,"Sorcery",R,"vow","147",common,r,Owned,Non-foil,false,,,"","",94632
"Collective Defiance",3,"Sorcery",R,"emn","123",rare,r,Owned,Non-foil,false,,,"","",61424
"Shreds of Sanity",3,"Sorcery",R,"emn","141",uncommon,r,Owned,Non-foil,false,,,"","",61196
"Wrack with Madness",4,"Sorcery",R,"dka","107",common,r,Owned,Non-foil,false,,,"","",43207
"Alchemist's Greeting",5,"Sorcery",R,"emn","116",common,r,Owned,Non-foil,false,,,"","",61194
"Burn at the Stake",5,"Sorcery",R,"avr","130",rare,r,Owned,Non-foil,false,,,"","",44203
"Burn Down the House",5,"Sorcery",R,"mid","131",rare,r,Owned,Non-foil,false,,,"","",93228
"Seize the Storm",5,"Sorcery",R,"mid","158",uncommon,r,Owned,Non-foil,false,,,"","",93290
"Into the Maw of Hell",6,"Sorcery",R,"isd","150",uncommon,r,Owned,Foil,false,,,"","",42278
"Ascendant Packleader",1,"Creature - Wolf",G,"vow","186",rare,g,Owned,Non-foil,false,,,"","",94722
"Deathbonnet Sprout",1,"Creature - Fungus",G,"mid","181",uncommon,g,Owned,Non-foil,false,,,"","",93348
"Ulvenwald Tracker",1,"Creature - Human Shaman",G,"avr","200",rare,g,Owned,Non-foil,false,,,"","",44071
"Willow Geist",1,"Creature - Treefolk Spirit",G,"mid","207",rare,g,Owned,Non-foil,false,,,"","",93410
"Wolfbitten Captive",1,"Creature - Human Werewolf",G,"dka","133",rare,g,Owned,Non-foil,false,,,"","",43299
"Boneyard Wurm",2,"Creature - Wurm",G,"isd","171",uncommon,g,Owned,Non-foil,false,,,"","",42826
"Deranged Outcast",2,"Creature - Human Rogue",G,"dka","112",rare,g,Owned,Non-foil,false,,,"","",43293
"Duskwatch Recruiter",2,"Creature - Human Warrior Werewolf",G,"soi","203",uncommon,g,Owned,Non-foil,false,,,"","",60300
"Hamlet Captain",2,"Creature - Human Warrior",G,"isd","187",uncommon,g,Owned,Non-foil,false,,,"","",42604
"Mayor of Avabruck",2,"Creature - Human Advisor Werewolf",G,"isd","193",rare,g,Owned,Non-foil,false,,,"","",42822
"Obsessive Skinner",2,"Creature - Human Rogue",G,"soi","220",uncommon,g,Owned,Non-foil,false,,,"","",59940
"Outland Liberator",2,"Creature - Human Werewolf",G,"mid","303",uncommon,g,Owned,Non-foil,false,,,"","",
"Packsong Pup",2,"Creature - Wolf",G,"vow","213",uncommon,g,Owned,Non-foil,false,,,"","",94788
"Scorned Villager",2,"Creature - Human Werewolf",G,"dka","125",common,g,Owned,Non-foil,false,,,"","",43357
"Augur of Autumn",3,"Creature - Human Druid",G,"mid","168",rare,g,Owned,Non-foil,false,,,"","",93318
"Briarbridge Tracker",3,"Creature - Human Scout",G,"mid","172",rare,g,Owned,Non-foil,false,,,"","",93328
"Cemetery Prowler",3,"Creature - Wolf",G,"vow","191",mythic,g,Owned,Non-foil,false,,,"","",94734
"Daybreak Ranger",3,"Creature - Human Archer Ranger Werewolf",G,"isd","176",rare,Green,Owned,Non-foil,false,,,"","",42390
"Elder of Laurels",3,"Creature - Human Advisor",G,"isd","177",rare,g,Owned,Non-foil,false,,,"","",42768
"Hamlet Vanguard",3,"Creature - Human Warrior",G,"vow","201",rare,g,Owned,Non-foil,false,,,"","",94756
"Hermit of the Natterknolls",3,"Creature - Human Werewolf",G,"soi","209",uncommon,g,Owned,Non-foil,false,,,"","",60302
"Hound Tamer",3,"Creature - Human Werewolf",G,"mid","302",uncommon,g,Owned,Non-foil,false,,,"","",
"Silverfur Partisan",3,"Creature - Wolf Warrior",G,"soi","228",rare,g,Owned,Non-foil,false,,,"","",60040
"Tireless Tracker",3,"Creature - Human Scout",G,"soi","233",rare,g,Owned,Non-foil,false,,,"","",60320
"Weaver of Blossoms",3,"Creature - Human Werewolf",G,"vow","226",common,g,Owned,Non-foil,false,,,"","",94816
"Briarbridge Patrol",4,"Creature - Human Warrior",G,"soi","195",uncommon,g,Owned,Non-foil,false,,,"","",60144
"Hiveheart Shaman",4,"Creature - Human Shaman",G,"vow","390",rare,g,Owned,Non-foil,false,,,"","",
"Howlpack Piper",4,"Creature - Human Werewolf",G,"vow","205",rare,g,Owned,Non-foil,false,,,"","",94766
"Intrepid Provisioner",4,"Creature - Human Scout",G,"soi","213",common,g,Owned,Non-foil,false,,,"","",60124
"Sawblade Slinger",4,"Creature - Human Archer",G,"vow","217",uncommon,g,Owned,Non-foil,false,,,"","",94796
"Soul Swallower",4,"Creature - Wurm",G,"soi","230",rare,g,Owned,Non-foil,false,,,"","",60136
"Ulvenwald Oddity",4,"Creature - Beast",G,"vow","225",rare,g,Owned,Non-foil,false,,,"","",94812
"Cult of the Waxing Moon",5,"Creature - Human Shaman",G,"soi","201",uncommon,g,Owned,Non-foil,false,,,"","",59808
"Infestation Expert",5,"Creature - Human Werewolf",G,"vow","206",uncommon,g,Owned,Non-foil,false,,,"","",94770
"Kessig Cagebreakers",5,"Creature - Human Rogue",G,"isd","189",rare,g,Owned,Non-foil,false,,,"","",42796
"Pathbreaker Wurm",6,"Creature - Wurm",G,"avr","188",common,g,Owned,Non-foil,false,,,"","",44019
"Soul of the Harvest",6,"Creature - Elemental",G,"avr","195",rare,g,Owned,Non-foil,false,,,"","",44107
"Tovolar's Huntmaster",6,"Creature - Human Werewolf",G,"mid","204",rare,g,Owned,Non-foil,false,,,"","",93402
"Moldgraf Monstrosity",7,"Creature - Insect",G,"isd","194",rare,g,Owned,Non-foil,false,,,"","",42794
"Turn the Earth",1,"Instant",G,"mid","205",uncommon,g,Owned,Non-foil,false,,,"","",93406
"Duel for Dominance",2,"Instant",G,"mid","184",common,g,Owned,Non-foil,false,,,"","",93356
"Grapple with the Past",2,"Instant",G,"emn","160",common,g,Owned,Non-foil,false,,,"","",61230
"Return to Nature",2,"Instant",G,"mid","195",common,g,Owned,Non-foil,false,,,"","",93382
"Witch's Web",2,"Instant",G,"vow","227",common,g,Owned,Non-foil,false,,,"","",94820
"Might Beyond Reason",4,"Instant",G,"soi","217",common,g,Owned,Non-foil,false,,,"","",59830
"Prey Upon",1,"Sorcery",G,"isd","200",common,g,Owned,Non-foil,false,,,"","",42304
"Traverse the Ulvenwald",1,"Sorcery",G,"soi","234",rare,g,Owned,Non-foil,false,,,"","",60332
"Rabid Bite",2,"Sorcery",G,"soi","223",common,g,Owned,Non-foil,false,,,"","",59950
"Tapping at the Window",2,"Sorcery",G,"mid","201",common,g,Owned,Non-foil,false,,,"","",93394
"Dryad's Revival",3,"Sorcery",G,"mid","183",uncommon,g,Owned,Non-foil,false,,,"","",93354
"Path to the Festival",3,"Sorcery",G,"mid","191",common,g,Owned,Non-foil,false,,,"","",93374
"Blessings of Nature",5,"Sorcery",G,"avr","168",uncommon,g,Owned,Non-foil,false,,,"","",43943
"Revenge of the Hunted",6,"Sorcery",G,"avr","191",rare,g,Owned,Non-foil,false,,,"","",44215
"Rise of the Ants",6,"Sorcery",G,"mid","196",uncommon,g,Owned,Non-foil,false,,,"","",93384
"Seasons Past",6,"Sorcery",G,"soi","226",mythic,g,Owned,Non-foil,false,,,"","",59856
"Crop Sigil",1,"Enchantment",G,"emn","153",uncommon,g,Owned,Non-foil,false,,,"","",61464
"Crawling Infestation",3,"Enchantment",G,"vow","193",uncommon,g,Owned,Non-foil,false,,,"","",94738
"Crawling Sensation",3,"Enchantment",G,"soi","199",uncommon,g,Owned,Non-foil,false,,,"","",60172
"Descendants' Path",3,"Enchantment",G,"avr","173",rare,g,Owned,Non-foil,false,,,"","",44237
"Howlpack Resurgence",3,"Enchantment",G,"soi","211",uncommon,g,Owned,Non-foil,false,,,"","",60206
"Nature's Embrace",3,"Enchantment - Aura",G,"vow","211",common,g,Owned,Non-foil,false,,,"","",94782
"Ulvenwald Mysteries",3,"Enchantment",G,"soi","236",uncommon,g,Owned,Non-foil,false,,,"","",60266
"Weirding Wood",3,"Enchantment - Aura",G,"soi","240",uncommon,g,Owned,Non-foil,false,,,"","",60096
"Dormant Grove",4,"Enchantment",G,"vow","198",uncommon,g,Owned,Non-foil,false,,,"","",94748
"Wolfkin Bond",5,"Enchantment - Aura",G,"emn","178",common,g,Owned,Non-foil,false,,,"","",61444
"Dennick, Pious Apprentice",2,"Legendary Creature - Human Soldier",WU,"mid","217",rare,m,Owned,Non-foil,false,,,"","",93432
"Dorothea, Vengeful Victim",2,"Legendary Creature - Spirit",WU,"vow","235",rare,m,Owned,Non-foil,false,,,"","",94842
"Faithful Mending",2,"Instant",UW,"mid","221",uncommon,m,Owned,Non-foil,false,,,"","",93444
"Hallowed Respite",2,"Sorcery",WU,"mid","227",rare,m,Owned,Non-foil,false,,,"","",93456
"Soulherder",3,"Creature - Spirit",WU,"h1r","30",uncommon,m,Owned,Non-foil,false,,,"","",
"Spell Queller",3,"Creature - Spirit",WU,"emn","189",rare,m,Owned,Non-foil,false,,,"","",61480
"Diregraf Captain",3,"Creature - Zombie Soldier",UB,"dka","135",uncommon,m,Owned,Non-foil,false,,,"","",43315
"Forbidden Alchemy",3,"Instant",UB,"isd","55",common,m,Owned,Non-foil,false,,,"","",42444
"Prized Amalgam",3,"Creature - Zombie",UB,"soi","249",rare,m,Owned,Non-foil,false,,,"","",60160
"Gisa and Geralf",4,"Legendary Creature - Human Wizard",UB,"emn","183",mythic,m,Owned,Non-foil,false,,,"","",61264
"Grimgrin, Corpse-Born",5,"Legendary Creature - Zombie Warrior",BU,"isd","214",mythic,m,Owned,Non-foil,false,,,"","",42766
"Havengul Lich",5,"Creature - Zombie Wizard",BU,"dka","139",mythic,m,Owned,Non-foil,false,,,"","",43423
"Bloodtithe Harvester",2,"Creature - Vampire",BR,"vow","310",uncommon,m,Owned,Non-foil,false,,,"","",
"Vampire Socialite",2,"Creature - Vampire Noble",BR,"mid","249",uncommon,m,Owned,Non-foil,false,,,"","",93506
"Olivia, Mobilized for War",3,"Legendary Creature - Vampire Knight",BR,"sld","492",mythic,m,Owned,Non-foil,false,,,"","",
"Stromkirk Captain",3,"Creature - Vampire Soldier",BR,"dka","143",uncommon,m,Owned,Non-foil,false,,,"","",43331
"Anje, Maid of Dishonor",4,"Legendary Creature - Vampire",BR,"vow","231",rare,m,Owned,Non-foil,false,,,"","",94830
"Falkenrath Aristocrat",4,"Creature - Vampire Noble",BR,"dka","138",mythic,m,Owned,Non-foil,false,,,"","",43417
"Olivia, Crimson Bride",6,"Legendary Creature - Vampire Noble",BR,"vow","245",mythic,m,Owned,Non-foil,false,,,"","",94866
"Kessig Naturalist",2,"Creature - Human Werewolf",GR,"mid","231",uncommon,m,Owned,Non-foil,false,,,"","",93464
"Unnatural Moonrise",2,"Sorcery",GR,"mid","247",uncommon,m,Owned,Non-foil,false,,,"","",93502
"Immerwolf",3,"Creature - Wolf",GR,"dka","141",uncommon,m,Owned,Non-foil,false,,,"","",43369
"Tovolar, Dire Overlord",3,"Legendary Creature - Human Werewolf",RG,"mid","246",rare,m,Owned,Non-foil,false,,,"","",93498
"Child of the Pack",4,"Creature - Human Werewolf",RG,"vow","234",uncommon,m,Owned,Non-foil,false,,,"","",94838
"Huntmaster of the Fells",4,"Creature - Human Werewolf",RG,"dka","140",mythic,m,Owned,Non-foil,false,,,"","",43463
"Ulrich of the Krallenhorde",5,"Legendary Creature - Human Werewolf",GR,"emn","191",mythic,m,Owned,Non-foil,false,,,"","",61268
"Join the Dance",2,"Sorcery",GW,"mid","229",uncommon,m,Owned,Non-foil,false,,,"","",93460
"Katilda, Dawnhart Prime",2,"Legendary Creature - Human Warlock",WG,"mid","309",rare,m,Owned,Non-foil,false,,,"","",
"Torens, Fist of the Angels",3,"Legendary Creature - Human Cleric",WG,"vow","328",rare,m,Owned,Non-foil,false,,,"","",94230
"Heron's Grace Champion",4,"Creature - Human Knight",GW,"emn","185",rare,m,Owned,Non-foil,false,,,"","",61476
"Leinore, Autumn Sovereign",4,"Legendary Creature - Human Noble",WG,"mic","1",mythic,m,Owned,Non-foil,false,,,"","",93848
"Sigarda, Champion of Light",4,"Legendary Creature - Angel",GW,"mid","240",mythic,m,Owned,Non-foil,false,,,"","",93486
"Cruel Celebrant",2,"Creature - Vampire",WB,"war","188",uncommon,m,Owned,Non-foil,false,,,"","",71982
"Fleshtaker",2,"Creature - Human Assassin",WB,"mid","222",uncommon,m,Owned,Non-foil,false,,,"","",93446
"Rite of Oblivion",2,"Sorcery",WB,"mid","237",uncommon,m,Owned,Non-foil,false,,,"","",93480
"Indulging Patrician",3,"Creature - Vampire Noble",BW,"m21","219",uncommon,m,Owned,Non-foil,false,,,"","",81665
"Edgar, Charmed Groom",4,"Legendary Creature - Vampire Noble",WB,"vow","311",rare,m,Owned,Non-foil,false,,,"","",
"Liesa, Forgotten Archangel",5,"Legendary Creature - Angel",WB,"mid","319",rare,m,Owned,Non-foil,false,,,"","",94144
"Unburial Rites",5,"Sorcery",WB,"isd","122",uncommon,m,Owned,Non-foil,false,,,"","",42482
"Arcane Infusion",2,"Instant",RU,"mid","210",uncommon,m,Owned,Non-foil,false,,,"","",93416
"Beacon Bolt",3,"Sorcery",UR,"grn","154",uncommon,m,Owned,Non-foil,false,,,"","",69681
"Eruth, Tormented Prophet",3,"Legendary Creature - Human Wizard",UR,"vow","237",rare,m,Owned,Non-foil,false,,,"","",94850
"Fevered Visions",3,"Enchantment",RU,"soi","244",rare,m,Owned,Non-foil,false,,,"","",59764
"Vadrik, Astral Archmage",3,"Legendary Creature - Human Wizard",UR,"mid","248",rare,m,Owned,Non-foil,false,,,"","",93504
"Wandering Mind",3,"Creature - Horror",UR,"vow","251",uncommon,m,Owned,Non-foil,false,,,"","",94880
"Ghoulcaller's Harvest",2,"Sorcery",BG,"mid","225",rare,m,Owned,Non-foil,false,,,"","",93452
"Old Stickfingers",2,"Legendary Creature - Horror",BG,"mid","321",rare,m,Owned,Non-foil,false,,,"","",94150
"Old Rutstein",3,"Legendary Creature - Human Peasant",BG,"vow","244",rare,m,Owned,Non-foil,false,,,"","",94864
"Diregraf Rebirth",5,"Sorcery",BG,"mid","220",uncommon,m,Owned,Non-foil,false,,,"","",93442
"Ishkanah, Grafwidow",5,"Legendary Creature - Spider",BG,"emn","162",mythic,m,Owned,Non-foil,false,,,"","",61258
"Spider Spawning",5,"Sorcery",BG,"isd","203",uncommon,m,Owned,Non-foil,false,,,"","",42396
"Nahiri's Machinations",2,"Enchantment",WR,"soi","28",uncommon,m,Owned,Non-foil,false,,,"","",60254
"Ride Down",2,"Instant",WR,"emn","188",uncommon,m,Owned,Non-foil,false,,,"","",61474
"Sacred Fire",2,"Instant",WR,"mid","239",uncommon,m,Owned,Non-foil,false,,,"","",93484
"Angelfire Ignition",3,"Sorcery",RW,"mid","209",rare,m,Owned,Non-foil,false,,,"","",93414
"Rem Karolus, Stalwart Slayer",3,"Legendary Creature - Human Knight",WR,"mid","235",rare,m,Owned,Non-foil,false,,,"","",93476
"Sunrise Cavalier",3,"Creature - Human Knight",RW,"mid","244",uncommon,m,Owned,Non-foil,false,,,"","",93494
"Gisela, Blade of Goldnight",7,"Legendary Creature - Angel",WR,"avr","209",mythic,m,Owned,Non-foil,false,,,"","",43935
"Rootcoil Creeper",2,"Creature - Plant Horror",GU,"mid","238",uncommon,m,Owned,Non-foil,false,,,"","",93482
"Vilespawn Spider",2,"Creature - Spider",UG,"vow","250",uncommon,m,Owned,Non-foil,false,,,"","",94878
"Winterthorn Blessing",2,"Sorcery",UG,"mid","251",uncommon,m,Owned,Non-foil,false,,,"","",93510
"Croaking Counterpart",3,"Sorcery",GU,"mid","215",rare,m,Owned,Non-foil,false,,,"","",93428
"Quandrix Command",3,"Instant",UG,"stx","217",rare,m,Owned,Non-foil,false,,,"","",88941
"Altered Ego",4,"Creature - Shapeshifter",GU,"soi","241",rare,m,Owned,Non-foil,false,,,"","",59912
"Grolnok, the Omnivore",4,"Legendary Creature - Frog",GU,"vow","238",rare,m,Owned,Non-foil,false,,,"","",94852
"Eternal Scourge",3,"Creature - Eldrazi Horror",,"emn","7",rare,c,Owned,Non-foil,false,,,"","",61066
"Foreboding Statue",3,"Artifact Creature - Construct",,"vow","256",uncommon,c,Owned,Non-foil,false,,,"","",94890
"Wretched Gryff",7,"Creature - Eldrazi Hippogriff",,"emn","12",common,Colorless,Owned,Non-foil,false,,,"","",61110
"Decimator of the Provinces",10,"Creature - Eldrazi Boar",,"emn","2",mythic,Colorless,Owned,Non-foil,false,,,"","",61456
"Distended Mindbender",8,"Creature - Eldrazi Insect",,"emn","3",rare,Colorless,Owned,Non-foil,false,,,"","",61384
"Elder Deep-Fiend",8,"Creature - Eldrazi Octopus",,"emn","5",rare,Colorless,Owned,Non-foil,false,,,"","",61326
"Emrakul, the Promised End",13,"Legendary Creature - Eldrazi",,"emn","6",mythic,c,Owned,Non-foil,false,,,"","",61068
"Lashweed Lurker",8,"Creature - Eldrazi Horror",,"emn","9",uncommon,Colorless,Owned,Non-foil,false,,,"","",61468
"Vexing Scuttler",8,"Creature - Eldrazi Crab",,"emn","11",uncommon,Colorless,Owned,Non-foil,false,,,"","",61358
"Ceremonial Knife",1,"Artifact - Equipment",,"vow","254",common,c,Owned,Non-foil,false,,,"","",94886
"Cryptolith Fragment",3,"Artifact",,"emn","193",uncommon,c,Owned,Non-foil,false,,,"","",61484
"Honored Heirloom",3,"Artifact",,"vow","257",common,c,Owned,Non-foil,false,,,"","",94894
"The Celestus",3,"Legendary Artifact",,"mid","252",rare,c,Owned,Non-foil,false,,,"","",93512
"Conjurer's Closet",5,"Artifact",,"avr","214",rare,c,Owned,Non-foil,false,,,"","",43927
"Dollhouse of Horrors",5,"Artifact",,"vow","395",rare,c,Owned,Non-foil,false,,,"","",
"Deserted Beach",0,"Land",WU,"mid","260",rare,l,Owned,Foil,false,,,"","",93530
"Port Town",0,"Land",WU,"soi","278",rare,l,Owned,Non-foil,false,,,"","",59926
"Temple of Enlightenment",0,"Land",WU,"voc","185",rare,l,Owned,Non-foil,false,,,"","",
"Tranquil Cove",0,"Land",WU,"ktk","246",common,l,Owned,Non-foil,false,,,"","",54464
"Choked Estuary",0,"Land",UB,"soi","270",rare,l,Owned,Non-foil,false,,,"","",59920
"Dismal Backwater",0,"Land",UB,"ktk","232",common,l,Owned,Non-foil,false,,,"","",54466
"Shipwreck Marsh",0,"Land",UB,"mid","267",rare,l,Owned,Non-foil,false,,,"","",93546
"Temple of Deceit",0,"Land",UB,"mic","184",rare,l,Owned,Non-foil,false,,,"","",93784
"Bloodfell Caves",0,"Land",BR,"ktk","229",common,l,Owned,Non-foil,false,,,"","",54468
"Foreboding Ruins",0,"Land",BR,"soi","272",rare,l,Owned,Non-foil,false,,,"","",60080
"Haunted Ridge",0,"Land",BR,"mid","263",rare,l,Owned,Non-foil,false,,,"","",93536
"Temple of Malice",0,"Land",BR,"bng","164",rare,l,Owned,Non-foil,false,,,"","",51563
"Game Trail",0,"Land",GR,"soi","276",rare,l,Owned,Non-foil,false,,,"","",59894
"Rockfall Vale",0,"Land",RG,"mid","266",rare,l,Owned,Foil,false,,,"","",93544
"Rugged Highlands",0,"Land",GR,"ktk","240",common,l,Owned,Non-foil,false,,,"","",54470
"Temple of Abandon",0,"Land",RG,"thb","244",rare,l,Owned,Non-foil,false,,,"","",79612
"Blossoming Sands",0,"Land",WG,"ktk","231",common,l,Owned,Non-foil,false,,,"","",54472
"Fortified Village",0,"Land",GW,"soi","274",rare,l,Owned,Non-foil,false,,,"","",59842
"Overgrown Farmland",0,"Land",WG,"mid","283",rare,l,Owned,Non-foil,false,,,"","",
"Temple of Plenty",0,"Land",GW,"thb","248",rare,l,Owned,Non-foil,false,,,"","",79620
"Scoured Barrens",0,"Land",WB,"ktk","242",common,l,Owned,Non-foil,false,,,"","",54070
"Shattered Sanctum",0,"Land",WB,"vow","264",rare,l,Owned,Non-foil,false,,,"","",94908
"Shineshadow Snarl",0,"Land",BW,"stx","272",rare,l,Owned,Non-foil,false,,,"","",89051
"Temple of Silence",0,"Land",WB,"m21","390",rare,l,Owned,Non-foil,false,,,"","",
"Frostboil Snarl",0,"Land",RU,"stx","265",rare,l,Owned,Non-foil,false,,,"","",89037
"Stormcarved Coast",0,"Land",UR,"dbl","532",rare,l,Owned,Non-foil,false,,,"","",96192
"Swiftwater Cliffs",0,"Land",UR,"ktk","243",common,l,Owned,Non-foil,false,,,"","",54076
"Temple of Epiphany",0,"Land",UR,"m21","252",rare,l,Owned,Non-foil,false,,,"","",81731
"Deathcap Glade",0,"Land",BG,"vow","261",rare,l,Owned,Non-foil,false,,,"","",94902
"Jungle Hollow",0,"Land",BG,"ktk","235",common,l,Owned,Non-foil,false,,,"","",54072
"Necroblossom Snarl",0,"Land",BG,"stx","269",rare,l,Owned,Non-foil,false,,,"","",89045
"Temple of Malady",0,"Land",BG,"m21","253",rare,l,Owned,Non-foil,false,,,"","",81733
"Furycalm Snarl",0,"Land",RW,"stx","266",rare,l,Owned,Non-foil,false,,,"","",89039
"Sundown Pass",0,"Land",WR,"vow","266",rare,l,Owned,Non-foil,false,,,"","",94912
"Temple of Triumph",0,"Land",RW,"m21","256",rare,l,Owned,Non-foil,false,,,"","",81739
"Wind-Scarred Crag",0,"Land",WR,"ktk","247",common,l,Owned,Non-foil,false,,,"","",54078
"Dreamroot Cascade",0,"Land",UG,"vow","262",rare,l,Owned,Non-foil,false,,,"","",94904
"Temple of Mystery",0,"Land",UG,"cp1","6",rare,l,Owned,Non-foil,false,,,"","",
"Thornwood Falls",0,"Land",UG,"ktk","244",common,l,Owned,Non-foil,false,,,"","",54074
"Vineglimmer Snarl",0,"Land",GU,"stx","274",rare,l,Owned,Non-foil,false,,,"","",89055
"Desolate Lighthouse",0,"Land",,"avr","227",rare,Lands,Owned,Non-foil,false,,,"","",43807
"Evolving Wilds",0,"Land",,"vow","263",common,l,Owned,Non-foil,false,,,"","",94906
"Gavony Township",0,"Land",,"isd","239",rare,Lands,Owned,Non-foil,false,,,"","",42572
"Hostile Hostel",0,"Land",,"mid","264",mythic,l,Owned,Non-foil,false,,,"","",93538
"Kessig Wolf Run",0,"Land",,"isd","243",rare,Lands,Owned,Non-foil,false,,,"","",42586
